snid,z,sntype,g_pkmag,r_pkmag,i_pkmag,z_pkmag
778175,0.4628,30,22.49,22.82,22.5,22.68
143700,0.7193,0,25.29,23.41,23.15,23.18
45040,0.7959,0,26.3,23.78,23.14,23.53
543978,0.5452,0,24.14,22.75,22.83,22.83
576611,0.3079,33,23.29,23.93,23.56,23.57
257944,0.3674,0,22.77,22.09,22.06,22.26
612685,0.3657,21,22.75,23.03,23.05,23.13
23771,0.2229,15,22.79,22.87,22.72,22.92
657639,0.6669,0,24.59,22.79,22.74,22.82
202358,0.7608,0,25.57,23.62,23.15,23.29
246364,0.6886,0,25.23,23.4,23.26,23.26
651016,0.2742,0,21.73,21.42,21.4,21.88
33008,0.7408,0,25.42,23.45,23.12,23.22
112925,0.2578,0,20.81,20.63,20.78,21.43
853346,0.4882,0,23.91,22.7,22.69,22.63
177469,0.6355,0,24.93,23.13,23.08,23.04
776269,0.5637,8,25.81,23.52,23.13,22.62
21825,0.5032,0,24.37,22.82,23.0,22.94
419142,0.2743,2,20.35,20.5,20.62,20.77
408902,0.2612,34,23.13,22.96,22.95,23.28
51273,0.4012,0,23.62,22.7,22.57,22.72
709212,0.5981,8,25.87,23.52,23.21,22.67
220142,0.5562,0,23.66,22.29,22.39,22.48
720166,0.3625,0,22.62,21.96,22.01,22.33
206846,0.3019,22,23.9,22.57,22.22,22.44
93461,0.4103,0,23.24,22.28,22.27,22.49
47111,0.8915,2,23.85,23.62,23.58,23.69
319525,0.5211,0,24.11,22.71,22.84,22.78
593050,0.5336,0,24.28,22.9,23.02,22.97
51037,0.4045,32,23.93,23.64,23.65,23.53
168010,0.5798,0,24.43,22.61,22.67,22.78
87447,0.1317,37,22.34,22.02,22.13,22.22
640769,0.5418,30,22.7,23.01,22.73,23.09
885645,0.4077,0,23.8,22.65,22.47,22.64
299251,0.8818,0,26.26,23.98,23.24,23.41
517391,0.2147,13,23.95,22.95,22.92,23.08
612561,0.4237,22,25.59,23.71,23.0,23.03
224775,0.4393,8,24.24,22.65,22.21,21.99
523476,0.3738,2,22.12,22.22,22.26,22.43
594884,0.42,8,24.0,22.61,21.97,21.92
407414,0.3873,0,23.3,22.4,22.28,22.51
210795,0.5698,0,24.85,23.28,23.29,23.3
144845,0.3218,34,23.75,23.45,23.53,23.42
296903,0.3682,32,23.84,23.56,23.46,23.37
777247,0.3711,21,22.89,23.09,23.22,23.11
690510,0.2202,22,22.82,21.76,21.54,21.89
882880,0.5312,0,23.87,22.64,22.68,22.62
613757,0.6618,30,23.38,23.4,23.33,23.33
65634,0.3066,30,21.6,21.61,21.82,22.38
448108,0.2996,3,24.09,23.18,23.11,22.91
739714,0.6368,0,24.87,23.18,23.15,23.16
186088,0.5826,0,25.34,23.55,23.41,23.35
589452,0.4748,21,23.54,23.65,23.56,23.65
465127,0.328,0,21.74,21.43,21.49,21.98
761990,0.6492,30,23.36,23.31,23.31,23.31
221730,0.6535,30,23.44,23.4,23.26,23.35
285563,0.5345,0,24.28,22.59,22.74,22.65
477085,0.4357,24,23.42,23.43,23.55,23.33
389450,0.4185,0,23.04,22.18,22.23,22.43
506673,0.6761,2,23.17,23.06,23.1,23.19
676452,0.6216,30,23.21,23.26,23.15,23.27
876786,0.5466,30,22.99,23.2,22.94,23.17
328486,0.5896,2,23.58,23.45,23.47,23.58
701692,0.6441,0,25.12,23.33,23.19,23.23
181275,0.7141,0,25.21,23.42,23.25,23.28
565207,0.6241,0,25.05,23.32,23.23,23.31
758907,0.2202,7,23.4,22.71,22.46,22.31
892319,0.7879,0,26.04,24.04,23.42,23.65
122562,0.4649,8,24.54,22.82,22.34,22.12
439281,0.7919,2,24.03,23.8,23.8,23.89
46970,0.2759,30,21.37,21.27,21.5,22.44
435000,0.7535,0,25.92,23.94,23.36,23.47
302386,0.1991,0,21.04,20.98,21.04,21.65
188225,0.2684,26,22.7,22.78,22.83,23.07
438186,0.3748,0,22.69,21.91,21.92,22.15
228810,0.4177,42,23.31,23.04,23.05,22.85
164550,0.4272,0,23.08,22.13,22.22,22.4
522019,0.167,8,20.66,19.97,19.76,19.63
495446,0.3826,0,22.83,22.04,21.99,22.26
583998,0.6698,0,25.04,23.11,23.06,23.01
11549,0.4778,0,24.04,22.84,22.96,22.8
335077,0.2617,26,22.54,22.71,22.7,22.93
741381,0.4113,0,22.76,21.88,21.86,22.18
237812,0.2919,0,21.76,21.48,21.49,22.0
329867,0.5971,30,23.02,23.16,23.05,23.27
558029,0.3361,13,25.43,23.89,23.6,23.83
703406,0.6997,0,24.8,22.97,22.81,22.82
504179,0.5143,0,23.67,22.46,22.62,22.6
294034,0.4284,30,22.4,22.69,22.51,22.56
768393,0.3234,0,21.78,21.38,21.44,21.79
825573,0.4607,0,23.23,22.2,22.32,22.52
339861,0.2266,30,21.09,20.95,21.11,22.56
466483,0.1185,4,22.95,22.67,22.52,22.61
619969,0.3261,23,24.29,23.51,23.22,23.15
877152,0.5793,30,23.1,23.28,23.05,23.28
343905,0.2673,0,21.19,21.04,21.13,21.69
591060,0.3935,21,22.86,23.26,23.28,23.21
58026,0.596,8,25.81,23.63,23.2,22.73
898692,0.3144,21,22.43,22.72,22.84,22.95
372498,0.4198,21,23.18,23.47,23.44,23.3
561919,0.5653,0,24.48,23.04,23.09,23.06
898751,0.6097,0,24.64,23.07,23.05,23.11
260016,0.4862,0,24.05,22.89,22.99,22.97
34010,0.199,45,23.3,22.82,22.69,22.52
421789,0.2766,30,21.27,21.37,21.55,22.4
618202,0.5588,0,23.53,22.4,22.46,22.5
364421,0.3234,0,22.94,22.31,22.22,22.52
538465,0.2928,17,22.83,22.99,23.19,23.37
705219,0.289,37,24.37,23.71,23.75,24.3
546089,0.8307,0,25.82,23.97,23.19,23.5
114068,0.3283,29,23.39,23.32,23.01,22.77
13635,0.4565,2,22.56,22.6,22.6,22.68
306489,0.5776,0,24.09,22.68,22.72,22.75
623311,0.5215,0,23.36,22.39,22.48,22.51
370072,0.5832,0,25.38,23.3,23.24,23.27
155898,0.2708,2,20.75,20.85,21.0,21.18
615761,0.2747,30,21.26,21.3,21.43,22.37
183957,0.4805,0,24.23,22.9,22.91,22.88
653862,0.1982,32,22.11,22.26,22.07,22.54
257311,0.5704,0,24.75,23.47,23.29,23.21
499427,0.2757,2,20.92,21.02,21.09,21.28
703907,0.6973,0,24.24,22.65,22.55,22.68
253020,0.2926,44,22.81,23.23,23.31,23.22
509387,0.4473,0,23.73,22.6,22.79,22.85
873796,0.1988,6,23.82,23.27,22.93,22.9
269236,0.1716,6,23.55,22.9,22.62,22.61
799606,0.6024,0,25.19,23.38,23.25,23.31
555886,0.1228,26,20.97,21.07,20.94,21.33
593788,0.5554,0,24.35,22.89,22.98,23.01
593868,0.5508,0,24.31,22.88,22.87,22.93
574234,0.7085,0,25.47,23.29,23.13,23.14
406554,0.4831,42,23.79,23.53,23.48,23.35
155230,0.4479,42,23.42,23.28,23.12,23.08
46527,0.2459,36,22.53,22.55,22.25,22.6
11742,0.5971,0,24.93,23.18,23.04,23.13
234767,0.3523,24,22.86,22.99,23.09,22.85
583928,0.3936,0,22.94,22.11,22.1,22.35
754650,0.5767,0,24.35,22.86,22.86,22.85
108673,0.2522,26,22.39,22.61,22.62,22.92
278449,0.6017,0,24.76,23.12,23.06,23.15
35933,0.4036,30,22.1,22.3,22.29,22.41
672585,0.2611,36,22.67,22.71,22.44,22.73
293713,0.6392,30,23.35,23.31,23.17,23.29
146108,0.6977,0,25.21,23.18,23.04,23.05
463971,0.307,0,23.3,22.62,22.34,22.65
750312,0.4692,0,25.08,23.54,23.41,23.27
795077,0.3344,0,22.13,21.66,21.66,22.04
39831,0.5023,42,23.78,23.47,23.38,23.41
855334,0.4264,0,23.26,22.29,22.26,22.56
801619,0.7359,0,25.6,23.69,23.33,23.33
879090,0.3367,0,22.4,21.9,21.95,22.2
653840,0.5588,0,24.45,22.84,22.81,22.77
540078,0.809,2,23.65,23.4,23.45,23.54
526862,0.5103,30,22.49,22.87,22.71,22.94
22400,0.5665,0,25.27,23.37,23.29,23.24
821846,0.5484,0,25.09,23.47,23.33,23.2
253778,0.624,0,24.6,23.22,22.98,22.98
100729,0.3671,8,23.33,22.21,21.66,21.61
305050,0.2751,33,23.0,23.58,23.2,23.44
196886,0.3623,0,21.82,21.28,21.36,21.74
761455,0.4233,0,23.35,22.34,22.35,22.49
519652,0.8654,0,26.95,24.4,23.5,23.7
71914,0.6611,0,24.69,22.95,22.83,22.91
631534,0.1454,36,21.63,21.44,21.28,21.29
557945,0.393,30,22.17,22.32,22.32,22.38
800090,0.7828,0,26.1,24.03,23.37,23.62
633192,0.629,0,24.39,22.99,22.89,22.95
553333,0.6218,30,23.27,23.25,23.17,23.24
103501,0.4947,0,24.14,22.8,22.87,22.84
666795,0.285,0,21.66,21.43,21.39,21.94
555204,0.3281,1,24.38,23.63,23.18,23.26
546008,0.5843,0,24.37,23.03,22.91,22.83
590365,0.4763,0,24.01,22.77,22.8,22.86
48624,0.4458,0,23.6,22.42,22.48,22.59
897904,0.2578,0,21.31,21.06,21.1,21.62
720935,0.6577,0,24.64,22.96,22.89,22.92
898237,0.6703,0,25.2,23.12,23.07,23.08
786750,0.4021,1,23.81,22.58,22.26,22.18
204271,0.818,0,26.24,24.03,23.28,23.52
541292,0.8107,0,26.25,24.09,23.31,23.63
713607,0.6491,0,24.68,23.05,22.85,22.85
751451,0.6025,0,24.71,22.78,22.71,22.76
680933,0.3072,0,21.44,21.16,21.25,21.82
844990,0.4278,0,24.38,22.85,22.62,22.67
556101,0.5423,0,24.21,22.78,22.86,22.92
143250,0.1657,0,20.91,20.52,20.74,21.04
451397,0.7353,0,26.09,23.99,23.54,23.54
259623,0.2291,5,23.36,22.85,22.44,22.63
356242,0.245,0,20.94,20.77,20.9,21.48
102293,0.8672,0,26.72,24.16,23.33,23.47
753136,0.6934,30,23.69,23.41,23.53,23.53
702356,0.5215,0,24.09,22.73,22.84,22.81
831539,0.5266,0,24.45,22.98,23.07,22.94
82106,0.4436,0,23.12,22.13,22.15,22.32
339133,0.4488,0,23.99,22.8,22.63,22.9
326356,0.5691,0,24.41,23.02,22.9,22.82
696072,0.3753,22,24.91,23.39,22.72,22.71
737612,0.4682,30,22.39,22.71,22.52,22.61
429689,0.7491,0,25.38,23.47,23.08,23.08
203519,0.1915,15,22.71,22.75,22.41,22.77
560681,0.2637,22,23.5,22.31,21.97,22.2
240263,0.4972,42,23.9,23.63,23.44,23.47
605141,0.6762,0,25.25,23.41,23.24,23.29
707598,0.5004,0,24.21,22.88,23.07,22.92
773179,0.4439,42,23.33,23.2,23.07,22.99
38678,0.408,0,22.92,22.1,22.21,22.38
693363,0.2882,35,23.8,23.31,23.32,23.29
389406,0.1962,19,22.38,22.55,22.54,22.8
487393,0.2684,0,22.0,21.6,21.59,22.0
220705,0.5179,30,22.63,22.99,22.79,22.96
110803,0.3479,0,22.33,21.81,21.82,22.14
314264,0.2679,0,20.79,20.82,20.93,21.53
677132,0.4094,0,23.03,22.23,22.28,22.51
225591,0.7997,0,25.74,23.82,23.03,23.26
109820,0.4067,43,23.37,23.62,23.7,23.77
592725,0.3244,0,22.09,21.64,21.66,22.05
39466,0.1933,32,21.88,21.95,21.81,22.36
784502,0.56,0,24.19,22.9,22.76,22.7
636621,0.349,32,23.47,23.39,23.27,23.23
678685,0.3642,19,23.73,23.81,23.78,23.81
35731,0.3466,0,22.64,21.98,22.01,22.21
662904,0.4455,0,23.57,22.49,22.58,22.7
253920,0.6602,0,24.96,23.15,23.01,23.05
236737,0.616,0,24.25,22.93,22.94,23.03
124710,0.5921,0,24.57,22.95,22.93,22.99
467148,0.1471,19,21.47,21.8,21.9,22.08
664306,0.369,26,23.42,23.51,23.58,23.42
250461,0.2795,15,23.26,23.41,23.33,23.4
117761,0.4465,22,99.01,23.94,23.19,23.22
149147,0.6105,2,23.23,23.11,23.13,23.31
654650,0.8244,0,26.43,24.18,23.4,23.66
505781,0.4473,27,23.06,23.26,23.19,23.18
460496,0.2428,19,22.72,22.96,22.87,23.22
759070,0.1879,0,21.83,21.42,21.34,21.7
325684,0.4462,0,23.37,22.33,22.38,22.45
612420,0.5065,0,23.93,22.69,22.79,22.77
241866,0.7647,0,25.66,23.73,23.26,23.49
821689,0.524,0,23.82,22.47,22.62,22.7
501247,0.5166,0,24.28,22.95,22.91,22.82
822436,0.4791,0,23.67,22.46,22.56,22.56
452031,0.4905,0,23.94,22.45,22.6,22.58
212692,0.7238,0,25.3,23.41,23.03,23.11
420391,0.5524,0,24.57,22.98,22.97,22.92
380151,0.4604,0,23.92,22.74,22.8,22.83
44884,0.5256,0,23.98,22.67,22.76,22.75
84467,0.5395,0,23.55,22.6,22.53,22.53
716618,0.4965,8,25.0,23.14,22.74,22.36
551241,0.5642,2,23.14,23.05,23.11,23.22
217021,0.9117,0,30.12,24.33,23.55,23.61
455644,0.2436,21,21.94,22.26,22.21,22.66
132832,0.5534,0,24.46,22.98,22.99,22.97
336937,0.5518,30,22.79,23.12,22.95,23.13
355689,0.309,32,23.26,23.25,23.08,23.2
534245,0.5449,30,22.67,23.08,22.78,23.07
711546,0.1496,14,22.41,22.62,22.35,22.35
729308,0.2519,40,23.3,23.04,23.23,23.51
621134,0.6717,30,23.59,23.33,23.35,23.43
427399,0.3988,0,22.57,21.8,21.83,22.06
152300,0.5131,30,22.71,23.01,22.75,22.9
792439,0.5554,1,25.89,23.76,23.46,23.22
748391,0.5763,1,25.73,23.47,23.31,23.08
84964,0.2796,35,23.55,23.19,23.17,23.26
656425,0.5291,0,24.87,22.94,22.99,22.88
506753,0.3087,32,23.08,23.12,23.0,23.13
194573,0.4094,8,23.78,22.47,21.93,21.78
490460,0.3567,29,23.75,23.48,23.14,22.97
332124,0.3758,29,23.95,23.49,23.27,23.11
291519,0.4217,8,24.03,22.66,22.12,21.85
486815,0.5868,0,25.05,23.36,23.28,23.29
255467,0.437,0,22.82,21.9,22.07,22.37
274502,0.6262,0,24.98,23.27,23.17,23.13
522845,0.7208,30,23.81,23.37,23.52,23.5
847878,0.2531,0,20.96,20.8,20.83,21.4
515964,0.7027,0,25.37,23.53,23.35,23.29
223704,0.2095,35,22.82,22.69,22.43,22.78
253939,0.6372,0,24.4,22.82,22.78,22.8
327745,0.2786,24,22.28,22.5,22.52,22.58
625130,0.5212,0,24.31,22.88,22.91,22.93
788244,0.2702,27,21.86,22.0,22.05,22.44
289964,0.6031,0,24.55,22.98,22.95,23.02
824750,0.2569,0,21.09,20.96,21.06,21.65
560073,0.3774,0,22.29,21.71,21.77,22.02
267766,0.3522,16,24.11,23.73,23.48,23.55
304099,0.4149,0,23.15,22.17,22.14,22.36
310246,0.4975,0,23.57,22.36,22.57,22.52
773241,0.5866,0,24.18,22.69,22.69,22.75
600621,0.5875,0,24.08,22.53,22.53,22.66
551516,0.7585,0,26.03,24.0,23.47,23.62
768594,0.2534,36,22.69,22.65,22.43,22.72
342436,0.3082,4,24.01,23.05,22.92,22.88
199176,0.4615,0,23.76,22.45,22.35,22.38
871246,0.6503,0,24.75,23.01,22.88,22.97
865936,0.4386,27,23.05,23.22,23.11,23.17
330630,0.8192,0,25.94,24.16,23.33,23.68
713403,0.6328,0,24.16,22.55,22.63,22.74
718689,0.7646,0,25.91,23.95,23.44,23.58
148932,0.5133,0,24.97,23.3,23.19,22.91
398070,0.5144,42,24.08,23.78,23.62,23.58
730330,0.4018,21,23.04,23.31,23.37,23.29
507927,0.6489,1,26.72,24.17,23.89,23.45
222024,0.3739,0,22.89,22.14,22.09,22.35
798119,0.4194,30,22.03,22.4,22.35,22.38
50276,0.4965,0,23.55,22.46,22.64,22.62
149943,0.2104,37,23.51,23.05,23.01,23.44
840198,0.1294,0,19.25,19.29,19.78,20.22
91371,0.6724,0,25.2,23.37,23.19,23.25
307975,0.4649,0,23.18,22.18,22.3,22.39
181464,0.3883,42,23.1,22.93,22.95,22.77
105412,0.8155,0,25.61,23.63,23.04,23.19
852606,0.6334,8,26.23,23.74,23.39,22.84
424998,0.4739,0,22.98,22.13,22.35,22.43
793914,0.2794,6,24.89,24.1,23.77,23.58
617610,0.6739,30,23.56,23.4,23.39,23.4
361715,0.6472,0,25.23,23.38,23.2,23.16
290909,0.7607,0,25.6,23.62,23.12,23.29
428249,0.4725,0,23.38,22.39,22.51,22.56
552981,0.3958,27,23.09,23.18,23.04,22.96
92349,0.3744,26,23.49,23.59,23.61,23.45
356957,0.2346,6,24.48,23.79,23.44,23.28
356541,0.5131,0,24.25,22.85,22.94,22.95
891651,0.786,0,26.22,24.01,23.24,23.44
403695,0.3082,27,22.15,22.41,22.48,22.59
57280,0.3268,30,21.57,21.71,21.81,22.27
670887,0.4201,0,23.23,22.29,22.3,22.51
591816,0.7139,0,25.55,23.69,23.45,23.49
174943,0.4931,0,24.07,22.58,22.68,22.62
481052,0.4516,0,24.36,23.14,23.11,23.14
103769,0.3584,22,24.65,23.24,22.58,22.65
406369,0.1976,39,23.61,23.14,22.65,22.6
476958,0.509,30,22.6,22.84,22.61,22.87
336199,0.5221,0,24.14,22.76,22.85,22.9
20346,0.398,22,25.37,23.66,22.87,22.87
6062,0.4414,0,23.33,22.28,22.39,22.56
682793,0.5981,30,23.33,23.34,23.14,23.29
135517,0.4331,0,23.68,22.59,22.57,22.6
98730,0.4802,2,23.52,23.46,23.58,23.81
698064,0.7456,0,25.63,23.66,23.21,23.31
405911,0.4188,0,23.22,22.22,22.18,22.4
263162,0.4578,24,23.61,23.55,23.59,23.44
817842,0.7792,2,23.39,23.06,23.07,23.08
439332,0.4504,27,23.11,23.29,23.2,23.29
203127,0.2367,0,22.17,21.68,21.6,22.12
583773,0.6195,30,23.25,23.34,23.08,23.31
351088,0.5522,0,24.26,22.67,22.65,22.64
518211,0.312,34,23.81,23.63,23.47,23.56
183273,0.6771,2,23.45,23.16,23.16,23.32
143054,0.8696,0,26.52,23.95,23.41,23.61
305774,0.5045,2,22.59,22.56,22.7,22.87
432461,0.3909,27,22.96,23.16,23.11,23.0
98639,0.4494,0,23.24,22.24,22.33,22.43
735546,0.8673,0,26.76,24.3,23.51,23.69
198244,0.3437,8,22.91,22.06,21.52,21.29
77015,0.7543,0,25.82,23.78,23.26,23.49
676038,0.6812,0,25.17,23.3,23.1,23.18
286765,0.4012,0,23.05,22.23,22.2,22.5
314570,0.3843,42,23.24,23.09,22.96,22.67
159171,0.6911,0,25.83,23.55,23.34,23.35
830712,0.3771,0,22.32,21.67,21.74,22.15
410391,0.2586,30,21.46,21.4,21.37,22.5
27531,0.3429,26,23.11,23.34,23.42,23.23
590833,0.6275,8,26.19,23.7,23.35,22.86
280598,0.2255,33,22.66,23.17,22.71,23.11
574758,0.4305,2,23.22,23.15,23.23,23.44
789485,0.4695,8,24.75,22.88,22.49,22.21
439948,0.6601,0,25.55,23.36,23.26,23.21
111246,0.3179,24,22.62,22.79,22.92,22.76
194978,0.6477,2,23.52,23.23,23.3,23.42
703676,0.7687,0,25.7,23.66,23.07,23.26
881227,0.8307,0,26.31,24.02,23.26,23.4
877200,0.4874,0,23.24,21.96,22.3,22.46
709171,0.7108,0,25.92,23.6,23.3,23.34
6820,0.4192,27,23.22,23.16,23.2,23.23
525603,0.3615,0,22.46,21.76,21.83,22.03
531207,0.4388,0,23.6,22.54,22.48,22.67
217181,0.4544,0,23.39,22.25,22.32,22.42
63539,0.3408,20,22.81,23.13,23.19,23.16
388375,0.4791,0,24.8,23.22,23.17,23.08
402871,0.5063,0,24.27,22.91,23.03,22.88
682601,0.4179,42,23.16,23.06,22.94,22.84
603232,0.1955,35,22.72,22.6,22.26,22.62
885352,0.3925,0,22.62,22.02,21.97,22.18
536597,0.8183,0,25.68,23.99,23.39,23.6
348792,0.6019,0,24.58,23.0,22.94,23.01
816256,0.6499,0,25.31,23.51,23.37,23.26
502185,0.5378,0,24.41,22.96,22.96,22.9
429487,0.5365,0,24.36,22.86,22.91,22.8
511626,0.4602,42,23.5,23.27,23.19,23.14
349438,0.2825,16,23.27,23.25,23.05,22.98
264989,0.4393,42,23.38,23.12,23.15,23.03
212898,0.518,30,22.57,22.92,22.72,22.86
178735,0.6386,0,24.87,23.18,23.1,23.12
357023,0.8938,2,23.52,23.32,23.33,23.4
107600,0.4044,32,23.97,23.69,23.67,23.47
887204,0.2391,0,21.07,20.95,21.13,21.69
415845,0.4395,0,23.72,22.69,22.72,22.79
869475,0.6021,0,24.66,22.89,22.8,22.88
482220,0.2967,0,22.01,21.6,21.55,22.0
740736,0.3581,0,23.69,22.72,22.5,22.62
230099,0.3508,0,21.93,21.49,21.56,21.87
563735,0.6167,0,25.36,23.12,23.05,23.08
144206,0.346,27,22.86,22.79,22.89,22.86
317143,0.5568,30,23.03,23.25,23.05,23.2
748446,0.7002,0,24.49,22.84,22.79,22.95
686256,0.3564,8,23.26,22.19,21.71,21.54
363397,0.4775,22,98.95,24.21,23.51,23.38
500790,0.6153,30,23.41,23.48,23.27,23.35
320060,0.6501,0,25.52,23.6,23.39,23.39
2387,0.5384,0,24.0,22.36,22.62,22.66
438122,0.2489,0,21.7,21.28,21.26,21.81
540055,0.4965,0,24.18,22.89,23.0,22.92
622803,0.241,0,21.92,21.57,21.49,21.95
196493,0.3822,27,22.86,23.08,22.94,22.97
77825,0.4429,0,22.88,21.88,22.16,22.41
651368,0.6327,0,24.78,23.07,22.97,23.05
598463,0.1747,15,22.26,22.31,22.11,22.46
91961,0.6725,30,23.49,23.43,23.36,23.38
460706,0.2965,37,24.4,23.63,23.88,24.22
136739,0.5261,0,24.44,22.94,22.93,22.82
630361,0.2527,0,21.46,21.21,21.21,21.76
331265,0.2286,21,21.94,22.06,22.12,22.52
473314,0.3262,35,24.1,23.55,23.67,23.4
466584,0.4576,0,23.75,22.49,22.6,22.68
307524,0.4521,0,25.01,23.41,23.26,23.2
130406,0.7739,0,25.9,23.92,23.37,23.62
251010,0.4497,0,23.36,22.21,22.38,22.47
726493,0.6677,0,25.2,23.39,23.24,23.3
267390,0.5282,0,24.82,23.28,23.22,23.07
315516,0.6277,0,25.06,23.21,23.03,23.06
665804,0.5804,0,24.75,23.01,22.88,22.93
185565,0.3071,26,23.12,23.32,23.31,23.25
437481,0.8322,2,23.64,23.37,23.31,23.36
86892,0.4118,42,23.16,23.01,22.87,22.88
55008,0.2842,34,23.43,23.24,23.22,23.41
714933,0.5184,27,23.59,23.47,23.53,23.62
606104,0.5048,27,23.56,23.54,23.5,23.6
360034,0.2566,24,22.11,22.37,22.26,22.55
848837,0.5725,30,22.94,23.08,22.92,23.11
7348,0.4491,0,22.53,21.75,22.02,22.26
686832,0.5825,2,22.79,22.63,22.81,22.88
685758,0.6326,30,23.28,23.28,23.16,23.33
414600,0.5492,0,25.35,23.64,23.45,23.3
596890,0.2845,44,22.91,23.16,23.25,23.18
425428,0.4338,0,22.95,22.02,22.05,22.22
335137,0.3113,0,22.39,21.9,21.84,22.25
653934,0.6161,0,25.35,23.56,23.41,23.42
567532,0.63,0,25.0,22.96,22.95,22.93
803590,0.2859,2,23.0,23.12,23.21,23.39
91280,0.1296,35,21.6,21.52,21.38,21.68
19459,0.5427,0,23.88,22.62,22.74,22.79
459913,0.5029,0,23.71,22.67,22.75,22.72
670633,0.3041,32,23.14,23.24,23.05,23.16
405466,0.4534,42,23.58,23.29,23.2,23.08
281406,0.3042,5,24.34,23.53,23.23,23.19
207566,0.6018,0,24.66,22.96,22.85,22.79
466437,0.3976,0,23.37,22.51,22.43,22.57
601734,0.2887,5,24.19,23.44,23.02,23.1
607151,0.3878,24,23.26,23.3,23.29,23.04
256188,0.7875,0,26.2,24.1,23.44,23.6
675330,0.4138,1,25.34,24.0,23.63,23.59
49631,0.6684,2,23.3,23.14,23.06,23.18
734587,0.5904,8,26.05,23.66,23.29,22.79
826994,0.2056,44,22.22,22.47,22.51,22.05
625543,0.2145,0,20.44,20.43,20.64,21.29
874315,0.5797,0,24.7,22.92,22.9,22.87
710701,0.9882,2,24.09,23.82,23.74,23.75
83148,0.7341,2,23.04,22.91,22.98,23.12
579497,0.5994,0,25.52,23.64,23.41,23.28
69913,0.6812,30,23.65,23.31,23.42,23.36
267556,0.4234,42,23.51,23.37,23.14,22.98
286628,0.6635,0,25.29,23.51,23.38,23.36
246301,0.3627,27,22.55,22.77,22.83,22.88
796449,0.824,2,23.17,23.02,22.92,22.98
594906,0.4169,27,23.03,23.13,23.03,23.04
472436,0.5872,8,25.69,23.49,23.09,22.7
1537,0.3367,13,25.48,23.97,23.67,23.85
522916,0.6067,0,24.25,22.71,22.69,22.72
232418,0.408,0,23.33,22.33,22.29,22.51
727349,0.3526,42,22.76,22.75,22.66,22.42
488268,0.3365,42,22.94,22.65,22.67,22.37
491289,0.401,0,22.57,21.84,21.8,22.09
884556,0.6044,0,24.98,23.35,23.3,23.33
601297,0.7034,2,23.62,23.4,23.45,23.59
81791,0.6389,0,25.88,23.55,23.42,23.34
648757,0.6094,0,25.34,23.52,23.36,23.28
394366,0.3897,0,23.03,22.2,22.17,22.33
421705,0.9391,0,27.29,24.08,23.41,23.36
412898,0.5543,30,22.8,23.11,22.8,23.17
336064,0.3782,24,23.22,23.35,23.3,23.02
863298,0.5213,22,98.97,24.28,23.77,23.51
67701,0.7042,0,25.86,23.74,23.45,23.48
8072,0.4702,0,23.43,22.26,22.34,22.43
318503,0.7043,0,25.4,23.49,23.28,23.09
9571,0.3963,0,23.28,22.35,22.22,22.38
493007,0.5561,0,24.66,23.17,23.19,23.13
154030,0.5912,0,24.89,23.31,23.29,23.29
472530,0.2672,25,22.97,23.36,23.29,23.49
144574,0.5757,30,22.97,23.2,22.89,23.24
720633,0.6848,0,25.23,23.43,23.33,23.34
555612,0.6512,0,25.18,23.4,23.27,23.31
19627,0.3892,24,23.15,23.23,23.21,23.16
455617,0.2609,1,24.74,24.08,23.89,24.01
896934,0.9372,2,23.6,23.27,23.32,23.28
518504,0.2705,15,23.31,23.25,23.22,23.37
833189,0.3097,0,22.04,21.56,21.5,21.94
532981,0.755,0,25.13,23.2,22.81,23.04
257626,0.1509,21,21.23,21.25,21.19,21.54
838744,0.3895,27,22.68,23.04,22.96,23.0
31641,0.4597,0,23.51,22.4,22.52,22.57
42114,0.1605,32,21.46,21.53,21.45,21.87
5754,0.3541,0,22.38,21.75,21.71,22.1
581015,0.791,0,25.23,23.47,22.88,23.15
64338,0.5643,0,25.58,23.24,23.2,23.11
727344,0.5607,8,25.52,23.29,23.04,22.59
706930,0.4769,2,23.46,23.48,23.53,23.7
137307,0.5849,8,25.87,23.56,23.17,22.64
434293,0.2557,4,23.41,22.57,22.43,22.55
203544,0.4261,0,23.18,22.29,22.22,22.49
595132,0.4792,0,23.9,22.68,22.72,22.86
776401,0.3997,0,23.12,22.13,22.13,22.29
749718,0.3044,0,21.78,21.41,21.45,21.94
170639,0.6222,0,24.51,23.07,22.97,22.99
221023,0.753,2,23.2,23.02,23.01,23.12
716036,0.5562,0,23.89,22.86,22.76,22.78
198330,0.2977,0,22.34,21.89,21.76,22.28
441737,0.4771,0,23.96,22.58,22.72,22.74
114602,0.2641,16,23.17,23.13,22.96,22.9
891079,0.1927,29,21.89,21.94,21.71,21.75
59573,0.4719,0,22.82,21.9,22.13,22.24
713953,0.5951,0,24.69,22.87,22.72,22.78
813611,0.3558,27,22.54,22.76,22.79,22.67
882966,0.7512,0,26.67,23.93,23.47,23.53
274360,0.4011,0,22.57,21.82,21.85,22.08
357464,0.3252,21,22.55,22.81,22.97,22.91
691035,0.3509,0,22.55,21.97,21.99,22.41
560223,0.2691,0,22.67,22.08,21.87,22.27
363200,0.4508,2,23.27,23.27,23.43,23.55
563731,0.5053,8,24.92,23.04,22.7,22.24
100947,0.3763,18,25.23,24.15,23.67,23.58
856305,0.3143,37,24.55,23.78,24.08,24.18
547849,0.7375,0,25.96,23.91,23.46,23.57
287535,0.6073,0,24.91,23.09,23.11,23.14
407054,0.555,0,24.59,23.02,22.93,22.9
687754,0.1264,4,22.21,21.67,21.56,21.64
264346,0.5617,30,23.04,23.18,23.04,23.25
185448,0.6338,0,25.01,23.38,23.32,23.26
76535,0.3636,36,23.64,23.52,23.34,23.17
737521,0.5446,0,24.67,23.07,23.16,23.1
104218,0.5731,0,24.63,23.03,22.98,22.95
661497,0.197,15,22.57,22.61,22.46,22.71
803336,0.4345,0,24.03,22.84,22.75,22.77
827068,0.834,2,23.82,23.63,23.59,23.7
437280,0.5304,30,22.75,23.03,22.75,22.91
796128,0.6591,0,25.29,23.61,23.46,23.39
329817,0.4618,0,23.64,22.33,22.5,22.59
842263,0.499,0,23.88,22.5,22.58,22.59
725961,0.7993,0,26.36,24.23,23.53,23.62
887075,0.7021,30,23.81,23.38,23.53,23.39
51793,0.4393,0,23.38,22.26,22.32,22.52
196118,0.4463,27,23.29,23.19,23.13,23.2
801164,0.6096,30,23.15,23.25,23.07,23.28
434999,0.39,26,23.5,23.65,23.63,23.58
178120,0.74,0,25.87,23.88,23.47,23.57
458534,0.5198,0,23.63,22.3,22.42,22.4
568259,0.6076,0,25.53,23.75,23.63,23.53
318991,0.2188,18,23.43,22.9,22.54,22.46
321524,0.6245,0,24.68,23.1,23.0,23.02
446312,0.6938,30,23.63,23.38,23.53,23.52
484281,0.3156,19,23.38,23.48,23.47,23.63
540650,0.4865,8,24.83,22.89,22.49,22.24
300845,0.5652,27,24.1,23.69,23.65,23.85
286856,0.5646,0,24.1,22.56,22.56,22.57
69357,0.6139,8,26.01,23.71,23.33,22.7
704481,0.4665,0,24.92,23.48,23.31,23.23
457390,0.675,0,24.97,23.17,23.04,23.01
225793,0.5927,8,25.7,23.45,23.15,22.63
573782,0.5592,0,24.44,22.93,22.96,23.0
121305,0.6559,30,23.39,23.37,23.33,23.34
133526,0.4869,0,23.36,22.23,22.4,22.53
351933,0.6054,0,24.78,23.06,22.96,22.99
533149,0.4351,24,23.44,23.41,23.53,23.36
540599,0.7248,0,25.72,23.97,23.69,23.69
317979,0.6191,30,23.33,23.35,23.09,23.3
75904,0.4978,0,23.78,22.51,22.73,22.75
200907,0.3488,23,24.37,23.56,23.24,23.21
829340,0.294,0,21.59,21.24,21.28,21.82
584063,0.2688,39,24.58,24.05,23.64,23.58
365795,0.2839,15,23.39,23.36,23.37,23.43
107930,0.414,32,23.97,23.61,23.61,23.51
578171,0.494,42,23.82,23.47,23.41,23.31
27228,0.4082,42,23.19,23.09,22.95,22.82
838443,0.5664,0,25.09,23.19,23.1,22.98
586231,0.3813,0,23.13,22.2,22.08,22.26
308299,0.5028,27,23.58,23.54,23.43,23.6
73494,0.2389,17,22.39,22.5,22.63,23.08
115987,0.4188,24,23.34,23.39,23.36,23.26
87148,0.4195,30,22.17,22.45,22.29,22.49
217811,0.3556,16,24.32,23.84,23.58,23.57
847895,0.5136,0,23.47,22.53,22.59,22.53
39858,0.1737,4,23.29,22.66,22.54,22.75
259274,0.5341,0,24.08,22.66,22.8,22.88
390854,0.6357,0,24.99,23.25,23.11,23.07
488944,0.4893,24,23.83,23.69,23.75,23.7
690682,0.3796,0,23.02,22.12,21.97,22.24
467679,0.3716,26,23.45,23.55,23.55,23.42
349991,0.3485,16,24.12,23.72,23.42,23.55
639782,0.2739,36,22.77,22.75,22.57,22.83
393690,0.5017,0,24.81,23.05,23.22,23.14
583398,0.5455,0,25.47,23.51,23.49,23.34
246435,0.3838,30,21.96,22.11,22.28,22.28
583529,0.5555,0,25.26,23.54,23.37,23.23
827743,0.2701,0,21.36,21.16,21.25,21.8
270186,0.3783,7,25.01,24.05,23.59,23.55
241697,0.5979,0,24.84,23.34,23.16,23.03
881141,0.5817,0,24.84,23.17,23.06,23.16
300039,0.4911,8,25.05,23.05,22.67,22.31
50059,0.4377,0,23.04,22.09,22.17,22.28
105238,0.6025,1,26.46,24.26,23.96,23.56
554613,0.7316,0,25.22,23.28,23.11,23.24
519890,0.3864,36,23.8,23.58,23.49,23.34
191105,0.3502,23,24.6,23.7,23.3,23.33
409283,0.5794,0,23.58,22.15,22.25,22.42
280974,0.2546,8,21.86,21.11,20.79,20.57
138774,0.1964,4,23.79,23.09,22.94,23.11
322570,1.0165,0,30.38,24.59,23.75,23.67
8918,0.4611,21,23.32,23.5,23.53,23.55
286536,0.6113,0,24.92,23.16,23.04,23.15
92982,0.4402,0,23.3,22.16,22.25,22.29
698549,0.1389,22,21.41,20.52,20.59,21.0
459158,0.1556,0,20.09,19.95,20.24,20.57
692320,0.6206,0,24.8,23.05,22.93,22.98
700855,0.2706,4,23.54,22.69,22.54,22.48
760357,0.6217,8,26.41,23.89,23.56,22.88
304375,0.5039,42,23.72,23.53,23.41,23.43
567098,0.4429,0,23.46,22.41,22.5,22.59
703209,0.3988,8,23.73,22.52,21.85,21.8
376704,0.4665,0,23.43,22.29,22.45,22.4
656338,0.8035,2,23.75,23.52,23.58,23.67
267521,0.4525,0,23.49,22.43,22.51,22.62
531357,0.4327,0,23.02,22.07,22.21,22.42
720712,0.2716,0,21.72,21.43,21.37,21.91
24287,0.1936,42,21.39,21.36,21.2,21.65
876854,0.9003,0,26.81,24.33,23.5,23.58
330511,0.6364,30,23.37,23.29,23.23,23.39
434363,0.5589,0,25.09,23.37,23.24,23.08
493417,0.33,29,23.44,23.22,22.96,22.8
353322,0.5762,0,24.76,23.1,23.07,23.06
34913,0.5728,0,24.87,23.23,23.07,22.99
873815,0.2934,5,24.24,23.41,23.21,23.1
126275,0.4999,42,23.73,23.39,23.32,23.47
465422,0.4385,0,23.65,22.54,22.57,22.71
886477,0.4536,8,24.43,22.71,22.36,21.99
823706,0.7505,0,26.07,23.9,23.3,23.44
331869,0.4197,0,23.07,22.35,22.35,22.53
130805,0.6372,0,24.86,22.93,22.88,22.94
49609,0.4663,21,23.39,23.56,23.6,23.52
798143,0.6131,0,25.02,23.28,23.17,23.2
148169,0.7761,0,26.1,23.98,23.28,23.55
375772,0.3896,2,23.5,23.49,23.58,23.82
448552,0.4179,23,25.39,23.87,23.67,23.68
759564,0.5885,0,25.72,23.4,23.3,23.32
264568,0.4875,0,25.0,23.42,23.3,23.16
449487,0.2708,37,24.41,23.61,23.66,24.32
531276,0.3052,45,24.69,23.94,23.55,23.64
242682,0.3992,0,23.65,22.65,22.52,22.72
511982,0.6387,0,24.96,23.24,23.14,23.2
136896,0.8723,2,23.83,23.58,23.38,23.63
204929,0.2957,40,23.72,23.44,23.67,23.83
866879,0.4844,0,24.04,22.71,22.76,22.79
428361,0.5048,22,98.96,24.11,23.66,23.4
872676,0.2582,39,24.4,23.92,23.41,23.45
779452,0.6049,2,23.51,23.29,23.3,23.38
727906,0.6103,0,25.47,23.64,23.45,23.32
659077,0.3763,0,24.82,23.51,23.04,23.11
819022,0.5715,0,23.88,22.81,22.66,22.61
413263,0.6427,30,23.31,23.43,23.29,23.37
759875,0.2276,11,24.83,23.45,23.1,23.17
601429,0.3012,32,23.12,23.24,23.08,23.15
294534,0.3442,4,24.71,23.62,23.43,23.23
789717,0.4889,22,99.06,24.14,23.57,23.32
863221,0.2376,7,23.33,22.72,22.58,22.41
409912,0.4653,0,23.78,22.49,22.66,22.7
584766,0.4447,0,24.68,23.32,23.09,23.14
347267,0.4953,42,23.76,23.59,23.4,23.43
170420,0.2122,42,21.78,21.69,21.48,21.82
851951,0.6957,0,24.76,23.02,22.92,22.89
388643,0.3514,32,23.33,23.4,23.31,23.24
255553,0.5011,27,23.44,23.4,23.43,23.49
522570,0.8865,0,26.86,24.29,23.49,23.55
882878,0.095,0,19.58,19.4,19.73,19.76
586146,0.2528,7,23.72,23.04,22.73,22.65
115786,0.2222,25,22.56,22.9,22.86,23.13
892113,0.4748,0,22.9,21.96,22.18,22.3
865669,0.5871,0,24.65,22.94,22.88,22.89
717910,0.2928,16,23.46,23.26,23.12,23.1
788144,0.6665,1,26.36,23.89,23.48,23.11
345840,0.5252,0,24.92,23.02,23.08,22.91
266443,0.613,0,25.56,23.59,23.35,23.26
146513,0.5852,8,25.83,23.4,23.12,22.65
470222,0.4264,27,22.98,23.22,23.15,23.16
170015,0.5945,0,24.99,23.33,23.15,23.12
244679,0.7713,0,26.1,24.07,23.51,23.7
405642,0.7296,0,25.58,23.59,23.18,23.23
582698,0.2478,13,24.35,23.27,23.2,23.4
478782,0.2166,33,22.63,23.04,22.51,22.99
797559,0.1737,38,21.68,21.96,21.74,22.01
403697,0.5508,42,24.07,23.77,23.54,23.67
518654,0.7707,0,26.37,23.75,23.27,23.43
349851,0.3292,0,22.62,22.04,21.97,22.32
795990,0.3934,26,23.57,23.7,23.63,23.5
886007,0.4119,0,23.69,22.49,22.42,22.61
567102,0.6386,0,24.6,22.79,22.85,22.96
612245,0.5881,0,25.44,23.66,23.52,23.38
484029,0.5083,30,22.59,22.84,22.65,22.85
808095,0.3013,0,22.75,22.22,22.1,22.56
88368,0.2242,36,22.49,22.36,22.19,22.39
416679,0.613,0,24.79,23.06,22.95,22.99
458517,0.4732,30,22.45,22.81,22.59,22.62
98880,0.3022,0,21.88,21.5,21.47,21.94
699439,0.3813,0,22.6,21.93,21.95,22.19
571368,0.7056,0,25.36,23.44,23.19,23.24
226937,0.6843,0,26.11,23.8,23.54,23.43
29466,0.7466,0,25.94,24.12,23.52,23.57
754477,0.4236,21,23.09,23.39,23.33,23.3
216192,0.7531,0,25.27,23.52,23.11,23.32
324446,0.5004,0,25.3,23.46,23.5,23.32
477754,0.5993,0,25.21,23.48,23.39,23.39
437861,0.2129,29,22.14,22.32,21.88,21.98
757606,0.9371,0,28.2,24.14,23.42,23.38
600708,0.1313,36,21.11,21.06,20.89,20.98
752763,0.7735,2,23.72,23.44,23.49,23.63
147930,0.8141,0,26.16,24.05,23.34,23.59
362809,0.2983,30,21.49,21.53,21.66,22.41
438631,0.4187,27,23.24,23.21,23.16,23.23
609971,0.2462,30,21.21,21.07,21.16,22.58
47321,0.3228,8,22.87,22.0,21.37,21.26
107806,0.4838,21,23.54,23.6,23.62,23.69
328003,0.4645,0,24.07,22.78,22.78,22.82
822193,0.6633,0,24.99,23.22,23.07,23.12
182917,0.6383,0,25.44,23.62,23.46,23.39
771371,0.3203,8,22.68,21.85,21.32,21.19
781503,0.6331,0,25.22,23.38,23.27,23.23
604717,0.3907,0,23.7,22.77,22.64,22.74
468431,0.4395,2,23.39,23.43,23.55,23.64
620843,0.6493,0,24.92,23.14,22.99,23.0
567850,0.3019,0,23.09,22.51,22.3,22.67
571350,0.3442,34,23.86,23.58,23.63,23.61
121767,0.48,22,98.96,24.14,23.48,23.31
689337,1.06,2,24.1,23.82,23.63,23.66
145372,0.2744,10,23.78,23.38,23.36,24.89
471142,0.391,0,22.89,22.08,22.09,22.35
297601,0.3545,0,21.89,21.5,21.63,21.88
453162,0.3068,20,22.42,22.81,22.83,23.04
454641,0.3358,29,23.55,23.35,23.03,22.83
670405,0.5068,0,24.64,22.88,23.02,22.88
757262,0.4743,22,99.02,24.05,23.38,23.21
681768,0.6083,30,23.18,23.31,23.2,23.32
778970,0.4566,0,23.21,22.38,22.47,22.6
598447,0.4686,0,24.14,22.86,22.9,22.79
144923,0.5013,0,23.56,22.43,22.57,22.55
725957,0.5383,1,25.83,23.75,23.36,23.13
326874,0.8504,0,26.72,24.36,23.6,23.75
854812,0.7435,0,25.48,23.56,23.2,23.29
227755,0.4046,27,22.85,23.1,22.93,23.03
723791,0.3518,27,22.49,22.74,22.79,22.79
688455,0.6921,0,25.25,23.34,23.09,23.11
877944,0.2636,35,23.46,23.1,22.97,23.16
332790,0.4847,21,23.44,23.65,23.56,23.69
405757,0.5595,0,23.95,22.45,22.47,22.58
434647,0.4167,8,23.9,22.58,22.0,21.84
102700,0.8427,2,23.98,23.86,23.82,23.88
411699,0.5332,0,24.94,23.27,23.17,23.05
375103,0.3572,0,23.25,22.46,22.32,22.54
744990,0.4469,36,24.3,23.91,23.84,23.65
523834,0.2567,32,22.6,22.73,22.54,23.0
401661,0.8442,0,27.45,24.51,23.58,23.73
13804,0.2973,3,24.64,23.6,23.51,23.57
738109,0.594,0,25.47,23.42,23.2,23.11
214801,0.1716,43,21.73,21.72,21.85,21.87
422594,0.4462,42,23.49,23.26,23.15,22.94
853598,0.508,0,23.95,22.67,22.83,22.82
712445,0.378,0,23.46,22.41,22.23,22.4
669431,0.7289,1,27.25,24.74,24.06,23.71
636491,0.8889,0,27.5,24.06,23.51,23.55
260936,0.6117,0,25.27,23.34,23.14,23.04
513529,0.1492,0,19.84,19.78,20.1,20.46
589243,0.2741,12,23.62,23.72,23.74,23.92
888709,0.7175,30,23.9,23.5,23.53,23.51
258998,0.5788,8,25.67,23.46,23.08,22.63
694561,0.4665,0,25.15,23.61,23.38,23.21
750949,0.3047,0,21.83,21.51,21.58,22.1
767873,0.311,0,22.0,21.63,21.62,22.05
284275,0.9943,2,24.15,23.71,23.64,23.84
382560,0.2703,40,23.56,23.19,23.38,23.76
604062,0.5008,0,24.62,23.14,23.2,23.02
176471,0.6937,0,25.17,23.34,23.15,23.22
676913,0.5927,0,25.36,23.58,23.43,23.32
689519,0.6729,0,25.26,23.44,23.26,23.25
570046,0.5094,0,24.27,22.92,23.03,23.04
199903,0.136,13,22.27,21.57,21.78,21.97
659739,0.6823,0,25.2,23.31,23.12,23.19
3475,0.3198,5,24.42,23.64,23.36,23.31
732763,0.3646,2,22.41,22.49,22.66,22.77
382649,0.6057,0,25.31,23.45,23.22,23.14
373655,0.5889,0,25.4,23.63,23.5,23.43
473671,0.2759,42,22.27,22.11,22.03,22.14
744668,0.4878,24,23.77,23.65,23.69,23.68
465861,0.3929,15,24.31,24.15,24.18,23.92
429078,0.4802,0,24.28,22.94,23.02,22.98
218075,0.3438,42,22.86,22.69,22.75,22.46
765278,0.5596,0,23.92,22.53,22.59,22.66
203483,0.6277,0,25.02,23.26,23.16,23.19
860694,0.7094,0,25.38,23.46,23.22,23.06
206497,0.425,8,24.05,22.6,22.09,21.91
857851,0.5181,0,23.74,22.36,22.56,22.56
186988,0.6595,0,24.99,23.27,23.17,23.1
349982,0.28,0,21.8,21.48,21.54,22.03
631290,0.3477,8,23.16,22.24,21.66,21.44
289849,0.5745,27,24.14,23.67,23.65,23.92
308251,0.3518,38,23.54,23.43,23.54,23.33
691003,0.508,30,22.56,22.89,22.74,22.84
68392,0.6278,8,26.16,23.69,23.33,22.84
745385,0.2888,0,22.04,21.63,21.57,22.07
51751,0.4751,21,23.49,23.59,23.53,23.59
619340,0.2868,30,21.4,21.43,21.64,22.43
799035,0.3113,15,23.65,23.65,23.78,23.5
160778,0.6438,8,26.34,23.84,23.5,22.91
499777,0.5464,42,24.09,23.71,23.62,23.72
872233,0.5458,0,24.46,22.86,22.86,22.76
831488,0.4415,0,23.15,22.17,22.25,22.41
63865,0.6159,0,25.47,23.68,23.52,23.45
830787,0.5628,0,24.66,22.93,22.95,22.98
706065,0.4314,0,23.3,22.22,22.15,22.24
648997,0.4776,22,98.97,24.12,23.44,23.26
726518,0.2726,0,21.28,20.98,20.95,21.58
147057,0.437,30,22.06,22.52,22.39,22.53
210544,0.2848,30,21.41,21.37,21.54,22.49
712709,0.2769,20,22.15,22.59,22.52,22.94
293321,0.5407,30,22.76,23.17,22.8,23.13
607694,0.455,0,23.23,22.18,22.18,22.39
272870,0.4059,0,23.49,22.47,22.38,22.56
410107,0.3741,15,24.13,24.13,24.1,23.82
868918,0.1786,30,20.55,20.31,20.56,22.55
575430,0.7995,0,25.36,23.77,23.18,23.44
322402,0.6832,0,25.85,23.81,23.53,23.39
75779,0.4322,0,22.73,22.03,22.11,22.33
115256,0.1117,10,21.29,21.02,22.29,23.31
554590,0.7416,2,23.69,23.48,23.55,23.59
135455,0.5719,30,22.88,23.14,22.93,23.17
535206,0.2311,42,21.71,21.73,21.54,21.85
619655,0.3914,35,24.74,24.1,24.0,23.71
869215,0.6703,30,23.53,23.33,23.35,23.44
327168,0.3464,20,22.64,23.07,23.22,23.13
889104,0.9334,2,23.93,23.59,23.59,23.68
5104,0.7096,0,26.15,24.03,23.67,23.62
600045,0.6278,30,23.31,23.28,23.13,23.27
380992,0.7069,0,25.51,23.42,23.19,23.24
870944,0.0847,36,20.31,20.14,20.11,19.91
728756,0.2534,0,21.56,21.38,21.36,21.91
234500,0.6198,8,26.1,23.76,23.31,22.83
549329,0.2915,27,22.15,22.22,22.43,22.63
424394,0.9692,0,27.21,24.07,23.58,23.49
326557,0.7265,30,23.97,23.46,23.59,23.58
159406,0.6289,0,24.83,23.29,23.19,23.17
560415,0.7118,2,23.0,22.86,22.76,22.94
34031,0.2737,25,23.13,23.44,23.3,23.56
248778,0.6143,0,25.68,23.77,23.45,23.35
727934,0.295,34,23.38,23.32,23.2,23.43
620242,0.8194,0,25.68,23.85,23.12,23.33
163416,0.1953,32,21.88,22.06,21.98,22.46
670495,0.6259,0,25.43,23.31,23.1,23.03
846482,0.4475,21,23.32,23.5,23.46,23.48
610475,0.698,0,25.24,23.43,23.28,23.18
800234,0.5256,30,22.87,23.23,22.83,23.03
850711,0.1579,27,20.72,20.8,20.97,21.38
554958,0.7255,0,26.57,24.01,23.62,23.61
306256,0.2269,0,21.13,20.93,20.96,21.48
386253,0.7235,0,26.03,23.93,23.56,23.41
501923,0.6025,0,24.64,23.0,22.94,22.98
522557,0.8056,0,26.55,24.04,23.47,23.71
616117,0.7278,30,23.97,23.53,23.64,23.5
799348,0.7493,0,25.96,24.01,23.46,23.58
495576,0.2881,41,23.79,23.82,23.71,23.92
534896,0.2843,0,21.04,20.95,20.95,21.59
80849,0.1685,36,21.75,21.64,21.55,21.7
150063,0.505,2,22.99,22.94,23.11,23.17
577603,0.6297,0,24.98,23.25,23.08,22.99
487762,0.2919,40,23.77,23.32,23.62,23.84
259410,0.5961,30,23.23,23.31,23.02,23.3
735805,0.6134,0,25.84,23.5,23.37,23.27
700398,0.7308,0,26.08,23.7,23.34,23.4
572710,0.429,24,23.3,23.35,23.49,23.32
502210,0.7622,30,24.1,23.5,23.81,23.5
475915,0.3453,29,23.72,23.46,23.1,22.92
484557,0.3534,40,24.14,23.68,23.99,24.05
414540,0.6153,0,25.53,23.75,23.48,23.36
874582,0.2865,0,21.61,21.37,21.35,21.95
496325,0.2615,44,22.61,22.94,23.05,22.81
8453,0.2843,3,24.44,23.44,23.37,23.34
138970,0.7393,0,25.49,23.49,23.07,23.04
753008,0.3438,20,22.66,23.04,23.1,23.13
64666,0.8584,0,25.67,23.85,23.18,23.33
32317,0.6189,30,23.28,23.34,23.18,23.37
869693,0.8541,0,26.85,23.99,23.25,23.48
459990,0.2334,8,21.69,20.88,20.6,20.45
812640,0.1237,23,21.22,20.89,20.83,20.77
307907,0.4251,0,22.84,21.92,22.01,22.25
568146,0.3394,25,23.6,23.74,23.92,23.71
344194,0.4168,0,24.59,23.38,23.12,23.22
288635,0.2568,33,23.11,23.65,23.09,23.36
152872,0.3324,23,24.37,23.56,23.14,23.25
434981,0.2716,38,22.78,22.84,22.86,23.05
55436,0.2887,34,23.4,23.29,23.22,23.39
446890,0.5045,42,23.71,23.58,23.31,23.39
526712,0.8193,2,24.04,23.78,23.79,23.95
741280,0.4386,24,23.36,23.34,23.59,23.32
632493,0.6649,0,25.95,23.7,23.61,23.45
896247,0.3495,29,23.93,23.5,23.29,23.0
316618,0.4568,0,24.15,22.91,22.9,22.91
626229,0.2226,0,20.61,20.56,20.78,21.36
347616,0.7524,30,24.14,23.53,23.67,23.52
729076,0.1838,27,21.05,21.21,21.24,21.67
546491,0.3452,8,23.23,22.15,21.64,21.44
659786,0.4306,4,25.73,24.22,23.93,23.68
668428,0.9084,2,24.02,23.71,23.72,23.81
840072,0.7887,0,26.29,24.12,23.39,23.64
270196,0.7811,0,26.11,24.16,23.5,23.67
518167,0.3748,36,23.68,23.5,23.4,23.27
374404,0.2502,0,20.98,20.87,20.95,21.58
655819,0.3618,24,22.92,23.03,23.14,22.92
760151,0.2173,38,22.46,22.6,22.35,22.53
787118,0.2089,21,21.7,21.83,21.82,22.27
108590,0.5571,0,24.55,22.94,22.94,22.91
265554,0.5857,30,23.22,23.45,23.15,23.29
659978,0.5075,24,23.93,23.69,23.84,23.82
703391,0.5408,0,25.89,24.06,23.87,23.72
773828,0.7232,0,26.05,24.02,23.67,23.6
420661,0.3011,0,21.61,21.4,21.44,22.01
22188,0.6851,0,25.38,23.55,23.38,23.29
121597,0.7551,30,24.07,23.44,23.72,23.57
721807,0.3282,0,21.49,21.23,21.42,21.87
629353,0.6387,0,25.73,23.51,23.41,23.32
89818,0.3269,32,23.21,23.22,23.14,23.04
166635,0.7181,30,23.83,23.51,23.66,23.49
664885,0.7086,0,25.48,23.52,23.25,23.4
22413,0.8343,0,26.3,24.03,23.2,23.48
205593,0.23,30,20.9,20.89,21.02,22.5
359068,0.1597,16,21.91,21.77,21.7,21.79
879397,0.222,42,21.67,21.6,21.52,21.67
640231,0.7559,0,26.11,23.74,23.26,23.39
448125,0.7652,30,24.17,23.52,23.8,23.56
714573,0.5745,0,23.87,22.57,22.6,22.69
151380,0.457,1,25.17,23.46,23.13,22.96
306165,0.7461,0,26.44,24.05,23.69,23.75
159881,0.5347,0,23.72,22.64,22.75,22.74
200514,0.7075,30,23.76,23.49,23.57,23.4
539442,0.8304,0,26.85,24.44,23.63,23.73
388116,0.8399,0,26.75,23.79,23.07,23.37
803498,0.9878,0,27.17,23.94,23.48,23.42
726074,0.589,42,24.37,23.82,23.74,23.86
22871,0.6981,30,23.71,23.4,23.42,23.49
497595,0.7543,0,25.6,23.6,23.09,23.32
742007,0.4249,21,23.15,23.44,23.46,23.34
88704,0.3671,13,25.98,24.12,23.77,23.99
135084,0.8746,0,26.9,24.45,23.72,23.74
822755,0.2624,14,23.61,24.19,23.58,23.57
791476,0.4857,0,24.86,23.26,23.19,23.1
514783,0.6018,0,25.09,22.94,22.93,22.99
535856,0.4011,20,23.06,23.33,23.37,23.37
230669,0.51,22,98.97,24.23,23.65,23.45
278354,0.6816,0,26.36,24.05,23.62,23.48
290424,0.4147,30,22.12,22.36,22.3,22.43
679825,0.7993,0,26.62,24.08,23.44,23.66
808280,0.3173,16,23.72,23.47,23.25,23.33
618952,0.7813,0,25.35,23.67,23.12,23.39
296987,0.7067,0,25.75,23.76,23.44,23.38
556,0.4532,2,23.22,23.28,23.37,23.48
567613,0.6112,0,24.95,23.4,23.25,23.2
400533,0.8418,0,26.82,24.34,23.46,23.79
772971,0.7413,0,26.52,24.19,23.7,23.74
9672,0.8633,0,26.6,24.33,23.6,23.74
457806,0.6222,30,23.21,23.28,23.15,23.34
790098,0.6931,0,25.6,23.64,23.4,23.41
37512,0.2898,0,21.5,21.29,21.33,21.91
113041,0.2992,16,23.79,23.56,23.18,23.29
548947,0.7709,0,25.68,23.81,23.34,23.46
301396,0.7929,0,26.43,23.9,23.3,23.52
86701,0.6467,0,25.47,23.61,23.46,23.47
588715,0.5885,0,24.95,23.43,23.25,23.13
336894,0.793,0,26.31,24.2,23.51,23.62
486083,0.6334,8,26.21,23.73,23.35,22.84
558412,0.3553,36,23.57,23.38,23.31,23.12
25369,0.9341,2,23.85,23.48,23.52,23.48
248358,0.8212,2,24.04,23.89,23.75,23.84
349941,0.5857,0,26.33,24.25,23.94,23.75
725066,0.5417,0,25.15,23.51,23.47,23.27
122569,0.2176,0,20.78,20.79,20.93,21.41
403012,0.4393,44,23.77,24.21,24.14,24.11
771208,0.8896,0,26.93,24.32,23.52,23.64
132033,0.7618,30,24.22,23.56,23.74,23.48
24734,0.2338,0,20.92,20.87,20.99,21.54
211257,0.9174,0,27.81,24.24,23.58,23.59
53874,0.6945,0,25.56,23.52,23.27,23.24
37683,0.5466,22,98.9,24.52,23.99,23.62
854090,0.1922,0,20.71,20.64,20.76,21.23
162397,0.6157,0,25.49,23.65,23.49,23.46
822737,0.6976,0,26.06,24.0,23.71,23.65
524263,0.2922,18,24.18,23.51,23.14,23.06
466084,0.6256,0,25.84,23.89,23.67,23.66
530952,0.658,0,25.01,23.25,23.09,23.04
194826,0.2219,12,23.01,23.19,23.15,23.44
150269,0.634,0,25.59,23.8,23.53,23.4
250099,0.2834,37,24.34,23.65,23.69,24.21
36206,0.2685,19,23.21,23.35,23.23,23.51
862020,0.5423,3,25.73,23.74,23.28,23.34
