nqueries,snids,accuracy,eff,pur,fom
0,---,0.583645911478,0.90447761194,0.366828087167,0.146397818599
1,DES_SN630122,0.587396849212,0.901492537313,0.368742368742,0.146924309913
2,DES_SN788278,0.6144036009,0.901492537313,0.385696040868,0.156017619638
3,DES_SN078800,0.62415603901,0.89552238806,0.391644908616,0.158219503191
4,DES_SN298283,0.609152288072,0.90447761194,0.382575757576,0.154834303061
5,DES_SN691463,0.618904726182,0.89552238806,0.388098318241,0.156286629679
6,DES_SN032317,0.615153788447,0.90447761194,0.386479591837,0.156962609632
7,DES_SN365577,0.62640660165,0.892537313433,0.392904073587,0.158379024758
8,DES_SN712064,0.645161290323,0.898507462687,0.406756756757,0.16715126469
9,DES_SN839174,0.642910727682,0.889552238806,0.40434192673,0.164140289266
10,DES_SN408086,0.657164291073,0.871641791045,0.413597733711,0.165918776392
11,DES_SN315382,0.651162790698,0.865671641791,0.408450704225,0.16196437169
12,DES_SN240089,0.663915978995,0.874626865672,0.419170243205,0.169600047413
13,DES_SN313619,0.659414853713,0.862686567164,0.414634146341,0.164782827436
14,DES_SN495564,0.659414853713,0.865671641791,0.414878397711,0.165487657297
15,DES_SN787583,0.675918979745,0.865671641791,0.428360413589,0.173015007663
16,DES_SN861250,0.672168042011,0.853731343284,0.424332344214,0.16839114771
17,DES_SN695305,0.684171042761,0.853731343284,0.434650455927,0.174156322524
18,DES_SN006982,0.679669917479,0.853731343284,0.430722891566,0.171948707168
19,DES_SN551876,0.68192048012,0.841791044776,0.431852986217,0.170168512277
20,DES_SN370355,0.689422355589,0.844776119403,0.438759689922,0.174632316867
21,DES_SN299558,0.689422355589,0.844776119403,0.438759689922,0.174632316867
22,DES_SN771747,0.693173293323,0.826865671642,0.441082802548,0.172211872966
23,DES_SN026701,0.696924231058,0.835820895522,0.445151033386,0.176360098528
24,DES_SN177614,0.684921230308,0.850746268657,0.435114503817,0.173808377468
25,DES_SN565988,0.684921230308,0.84776119403,0.434915773354,0.173087116538
26,DES_SN675824,0.701425356339,0.832835820896,0.449275362319,0.178054554812
27,DES_SN882388,0.697674418605,0.841791044776,0.446202531646,0.178217022993
28,DES_SN214852,0.71567891973,0.835820895522,0.46357615894,0.186924800916
29,DES_SN178474,0.71567891973,0.835820895522,0.46357615894,0.186924800916
30,DES_SN278480,0.70592648162,0.823880597015,0.453201970443,0.178345917471
31,DES_SN003522,0.723930982746,0.817910447761,0.471600688468,0.187537625679
32,DES_SN618535,0.716429107277,0.814925373134,0.463497453311,0.18220690161
33,DES_SN454736,0.717929482371,0.820895522388,0.465313028765,0.184584029973
34,DES_SN198097,0.722430607652,0.817910447761,0.469982847341,0.186600718307
35,DES_SN105644,0.721680420105,0.805970149254,0.46875,0.183175033921
36,DES_SN868637,0.714178544636,0.805970149254,0.460750853242,0.178663333578
37,DES_SN618235,0.724681170293,0.811940298507,0.472222222222,0.186526825333
38,DES_SN707747,0.736684171043,0.814925373134,0.485765124555,0.195153181461
39,DES_SN598258,0.73968492123,0.8,0.489051094891,0.193501805054
40,DES_SN116836,0.738184546137,0.791044776119,0.487132352941,0.190224016036
41,DES_SN586805,0.73968492123,0.794029850746,0.488970588235,0.192010854817
42,DES_SN831502,0.745686421605,0.779104477612,0.496197718631,0.19256275441
43,DES_SN472698,0.741185296324,0.770149253731,0.490494296578,0.187098406274
44,DES_SN102724,0.743435858965,0.779104477612,0.493383742911,0.190935463527
45,DES_SN504005,0.750937734434,0.782089552239,0.502879078695,0.197216037234
46,DES_SN432516,0.750937734434,0.794029850746,0.502835538752,0.200200891278
47,DES_SN373630,0.764441110278,0.776119402985,0.521042084168,0.206541499259
48,DES_SN167353,0.763690922731,0.764179104478,0.520325203252,0.20293552982
49,DES_SN064773,0.762940735184,0.773134328358,0.519038076152,0.204537069504
50,DES_SN139842,0.774943735934,0.770149253731,0.536382536383,0.214345746993
51,DES_SN883524,0.777944486122,0.779104477612,0.540372670807,0.219359513114
52,DES_SN512816,0.772693173293,0.788059701493,0.532258064516,0.21671641791
53,DES_SN547441,0.779444861215,0.782089552239,0.542443064182,0.221521581283
54,DES_SN729308,0.778694673668,0.776119402985,0.541666666667,0.219338092148
55,DES_SN462654,0.781695423856,0.770149253731,0.546610169492,0.220776119403
56,DES_SN581911,0.782445611403,0.75223880597,0.549019607843,0.217141098631
57,DES_SN616810,0.781695423856,0.761194029851,0.547210300429,0.218586123437
58,DES_SN801078,0.796699174794,0.764179104478,0.571428571429,0.235132032147
59,DES_SN465422,0.791447861965,0.767164179104,0.562363238512,0.230059736324
60,DES_SN637546,0.791447861965,0.749253731343,0.56404494382,0.225765530093
61,DES_SN018879,0.794448612153,0.761194029851,0.567928730512,0.231904991173
62,DES_SN102860,0.798949737434,0.749253731343,0.577011494253,0.234200107805
63,DES_SN169049,0.800450112528,0.767164179104,0.577528089888,0.240147617576
64,DES_SN390937,0.793698424606,0.755223880597,0.567264573991,0.229653415614
65,DES_SN394569,0.794448612153,0.764179104478,0.567627494457,0.232615755941
66,DES_SN577871,0.792948237059,0.746268656716,0.566893424036,0.226691572514
67,DES_SN098720,0.799699924981,0.75223880597,0.577981651376,0.23577634217
68,DES_SN810134,0.798949737434,0.74328358209,0.577726218097,0.232802027598
69,DES_SN645018,0.798949737434,0.755223880597,0.576309794989,0.23560005153
70,DES_SN307349,0.7951987997,0.755223880597,0.56981981982,0.231321600231
71,DES_SN255122,0.797449362341,0.75223880597,0.574031890661,0.233166271961
72,DES_SN451635,0.794448612153,0.75223880597,0.568848758465,0.229774762551
73,DES_SN274919,0.792948237059,0.755223880597,0.565995525727,0.228828313522
74,DES_SN331196,0.799699924981,0.746268656716,0.578703703704,0.234380859521
75,DES_SN307295,0.795948987247,0.758208955224,0.570786516854,0.232871916115
76,DES_SN638875,0.789947486872,0.746268656716,0.561797752809,0.223433729556
77,DES_SN120757,0.783945986497,0.740298507463,0.552338530067,0.215739165512
78,DES_SN101837,0.796699174794,0.74328358209,0.573732718894,0.230196034752
79,DES_SN369204,0.794448612153,0.737313432836,0.570438799076,0.226231575044
80,DES_SN671296,0.798949737434,0.734328358209,0.578823529412,0.230708526334
81,DES_SN532494,0.801950487622,0.737313432836,0.583924349882,0.234988926336
82,DES_SN117598,0.795948987247,0.728358208955,0.574117647059,0.225818809384
83,DES_SN566003,0.801200300075,0.746268656716,0.581395348837,0.236160967315
84,DES_SN186614,0.801950487622,0.722388059701,0.585956416465,0.231546901255
85,DES_SN506215,0.804951237809,0.731343283582,0.590361445783,0.237323317189
86,DES_SN554332,0.802700675169,0.731343283582,0.586124401914,0.234527623662
87,DES_SN430025,0.801950487622,0.713432835821,0.587223587224,0.229489162532
88,DES_SN876802,0.799699924981,0.740298507463,0.579439252336,0.232987347526
89,DES_SN836386,0.801200300075,0.725373134328,0.584134615385,0.231319779057
90,DES_SN397089,0.805701425356,0.734328358209,0.591346153846,0.23894811656
91,DES_SN247812,0.804201050263,0.74328358209,0.587264150943,0.23911836168
92,DES_SN007952,0.80720180045,0.746268656716,0.592417061611,0.243560266552
93,DES_SN426397,0.80720180045,0.725373134328,0.595588235294,0.238842373498
94,DES_SN394411,0.801200300075,0.725373134328,0.584134615385,0.231319779057
95,DES_SN034942,0.798949737434,0.716417910448,0.581113801453,0.226535307651
96,DES_SN879540,0.805701425356,0.728358208955,0.592233009709,0.237592784739
97,DES_SN179265,0.804951237809,0.725373134328,0.591240875912,0.235964754541
98,DES_SN790455,0.809452363091,0.734328358209,0.598540145985,0.243785122968
99,DES_SN694930,0.807951987997,0.722388059701,0.597530864198,0.239148988301
100,DES_SN864123,0.807951987997,0.731343283582,0.596107055961,0.241156264438
101,DES_SN296252,0.804951237809,0.728358208955,0.590799031477,0.236643679075
102,DES_SN882492,0.801950487622,0.70447761194,0.588528678304,0.227437368561
103,DES_SN153341,0.804951237809,0.722388059701,0.591687041565,0.235286555111
104,DES_SN012940,0.802700675169,0.734328358209,0.585714285714,0.235214552239
105,DES_SN707413,0.799699924981,0.734328358209,0.580188679245,0.23159586682
106,DES_SN165767,0.803450862716,0.734328358209,0.587112171838,0.236136962248
107,DES_SN129175,0.808702175544,0.725373134328,0.598522167488,0.240800097871
108,DES_SN048535,0.809452363091,0.722388059701,0.600496277916,0.241128152342
109,DES_SN333659,0.813203300825,0.722388059701,0.608040201005,0.246222409081
110,DES_SN706927,0.817704426107,0.722388059701,0.617346938776,0.252627038219
111,DES_SN514461,0.814703675919,0.698507462687,0.615789473684,0.243230277186
112,DES_SN350739,0.815453863466,0.710447761194,0.614987080103,0.246841703889
113,DES_SN018591,0.81695423856,0.710447761194,0.618181818182,0.249022926604
114,DES_SN238808,0.820705176294,0.722388059701,0.623711340206,0.257085162423
115,DES_SN868147,0.813953488372,0.698507462687,0.614173228346,0.242149253731
116,DES_SN288440,0.813953488372,0.70447761194,0.612987012987,0.243421253906
117,DES_SN284686,0.819954988747,0.716417910448,0.623376623377,0.254726368159
118,DES_SN856137,0.813953488372,0.701492537313,0.613577023499,0.242784604225
119,DES_SN307907,0.81695423856,0.701492537313,0.620052770449,0.247152543131
120,DES_SN196846,0.820705176294,0.710447761194,0.626315789474,0.254648444524
121,DES_SN147025,0.816204051013,0.680597014925,0.622950819672,0.241707351095
122,DES_SN800166,0.813953488372,0.671641791045,0.619834710744,0.236493588396
123,DES_SN475665,0.819954988747,0.674626865672,0.633053221289,0.24630964724
124,DES_SN226524,0.815453863466,0.689552238806,0.619302949062,0.242445307708
125,DES_SN567638,0.819954988747,0.689552238806,0.629427792916,0.249274752996
126,DES_SN588551,0.816204051013,0.680597014925,0.622950819672,0.241707351095
127,DES_SN280276,0.825956489122,0.692537313433,0.642659279778,0.259561642514
128,DES_SN173027,0.820705176294,0.683582089552,0.632596685083,0.249267991254
129,DES_SN685716,0.822955738935,0.677611940299,0.639436619718,0.251747807607
130,DES_SN152500,0.817704426107,0.680597014925,0.626373626374,0.243987609124
131,DES_SN424870,0.821455363841,0.671641791045,0.637393767705,0.248143518859
132,DES_SN672377,0.816204051013,0.668656716418,0.625698324022,0.239263745172
133,DES_SN513702,0.825956489122,0.674626865672,0.647564469914,0.256244826289
134,DES_SN077395,0.829707426857,0.686567164179,0.653409090909,0.264950415707
135,DES_SN857408,0.827456864216,0.659701492537,0.655786350148,0.256228523464
136,DES_SN681245,0.822205551388,0.659701492537,0.642441860465,0.247108525171
137,DES_SN467006,0.825206301575,0.677611940299,0.644886363636,0.255511479149
138,DES_SN676239,0.829707426857,0.665671641791,0.659763313609,0.26134643683
139,DES_SN359459,0.83120780195,0.659701492537,0.665662650602,0.263166118864
140,DES_SN552835,0.827456864216,0.662686567164,0.654867256637,0.256747675236
141,DES_SN827068,0.825206301575,0.662686567164,0.649122807018,0.252777350362
142,DES_SN735293,0.826706676669,0.662686567164,0.652941176471,0.255410447761
143,DES_SN366413,0.831957989497,0.668656716418,0.6646884273,0.266037485751
144,DES_SN034231,0.825956489122,0.659701492537,0.65191740413,0.253554834523
145,DES_SN564503,0.823705926482,0.668656716418,0.64367816092,0.251307222278
146,DES_SN090711,0.825206301575,0.671641791045,0.646551724138,0.254409769335
147,DES_SN815305,0.827456864216,0.668656716418,0.65306122449,0.257795360547
148,DES_SN684054,0.827456864216,0.665671641791,0.653958944282,0.257269975944
149,DES_SN183372,0.828207051763,0.665671641791,0.655882352941,0.258614592543
150,DES_SN417020,0.827456864216,0.680597014925,0.649572649573,0.259926498162
151,DES_SN065474,0.82895723931,0.668656716418,0.656891495601,0.260485399091
152,DES_SN628007,0.827456864216,0.659701492537,0.655786350148,0.256228523464
153,DES_SN705161,0.83120780195,0.665671641791,0.66369047619,0.264136612312
154,DES_SN397341,0.831957989497,0.662686567164,0.666666666667,0.265074626866
155,DES_SN422005,0.830457614404,0.65671641791,0.664652567976,0.261261504413
156,DES_SN065309,0.833458364591,0.65671641791,0.672782874618,0.267056583993
157,DES_SN750666,0.829707426857,0.653731343284,0.663636363636,0.259360804672
158,DES_SN818307,0.826706676669,0.64776119403,0.657575757576,0.252813271771
159,DES_SN880058,0.833458364591,0.650746268657,0.674922600619,0.266158886618
160,DES_SN159107,0.837209302326,0.65671641791,0.683229813665,0.274672266046
161,DES_SN137518,0.837959489872,0.659701492537,0.684210526316,0.276649013
162,DES_SN813038,0.83120780195,0.641791044776,0.671875,0.260349197409
163,DES_SN436132,0.832708177044,0.64776119403,0.673913043478,0.264218381775
164,DES_SN751223,0.83120780195,0.644776119403,0.670807453416,0.260808317961
165,DES_SN658764,0.836459114779,0.653731343284,0.682242990654,0.272699360341
166,DES_SN479079,0.831957989497,0.641791044776,0.673981191223,0.261831261152
167,DES_SN427341,0.834958739685,0.64776119403,0.680250783699,0.268765160812
168,DES_SN375748,0.832708177044,0.641791044776,0.676100628931,0.263330295089
169,DES_SN295104,0.834958739685,0.638805970149,0.683706070288,0.267523439554
170,DES_SN248474,0.829707426857,0.623880597015,0.674193548387,0.254670009328
171,DES_SN425735,0.829707426857,0.641791044776,0.667701863354,0.257434840722
172,DES_SN724765,0.828207051763,0.614925373134,0.673202614379,0.250345112383
173,DES_SN192228,0.836459114779,0.659701492537,0.68,0.273534765198
174,DES_SN653370,0.834958739685,0.64776119403,0.680250783699,0.268765160812
175,DES_SN456881,0.833458364591,0.632835820896,0.681672025723,0.263577984342
176,DES_SN731023,0.83120780195,0.626865671642,0.677419354839,0.258121158911
177,DES_SN051441,0.836459114779,0.629850746269,0.691803278689,0.269571009052
178,DES_SN165405,0.836459114779,0.632835820896,0.690553745928,0.269942040302
179,DES_SN455785,0.839459864966,0.635820895522,0.698360655738,0.276952660013
180,DES_SN546570,0.830457614404,0.611940298507,0.681063122924,0.254457933456
181,DES_SN891549,0.83120780195,0.617910447761,0.680921052632,0.256842294551
182,DES_SN810135,0.832708177044,0.620895522388,0.684210526316,0.260375541647
183,DES_SN333600,0.83120780195,0.626865671642,0.677419354839,0.258121158911
184,DES_SN308461,0.831957989497,0.629850746269,0.67845659164,0.26007535707
185,DES_SN079691,0.834958739685,0.617910447761,0.692307692308,0.264818763326
186,DES_SN033906,0.832708177044,0.620895522388,0.684210526316,0.260375541647
187,DES_SN300039,0.837959489872,0.635820895522,0.693811074919,0.273595658073
188,DES_SN449662,0.834208552138,0.638805970149,0.68152866242,0.2659620187
189,DES_SN804960,0.839459864966,0.638805970149,0.697068403909,0.277291029639
190,DES_SN813102,0.83120780195,0.629850746269,0.676282051282,0.258557407515
191,DES_SN883002,0.829707426857,0.635820895522,0.669811320755,0.256495929444
192,DES_SN391327,0.83120780195,0.638805970149,0.672955974843,0.259894444129
193,DES_SN592725,0.836459114779,0.650746268657,0.683385579937,0.272289225657
194,DES_SN044545,0.836459114779,0.638805970149,0.688102893891,0.270701935865
195,DES_SN121933,0.835708927232,0.638805970149,0.685897435897,0.269103302386
196,DES_SN690954,0.832708177044,0.635820895522,0.678343949045,0.262460951059
197,DES_SN620826,0.836459114779,0.632835820896,0.690553745928,0.269942040302
198,DES_SN298674,0.832708177044,0.641791044776,0.676100628931,0.263330295089
199,DES_SN819759,0.843210802701,0.650746268657,0.703225806452,0.287171430298
200,DES_SN056210,0.834958739685,0.629850746269,0.687296416938,0.266329674274
201,DES_SN159628,0.843960990248,0.641791044776,0.709570957096,0.288069049325
202,DES_SN693503,0.837959489872,0.635820895522,0.693811074919,0.273595658073
203,DES_SN428059,0.834958739685,0.626865671642,0.688524590164,0.265943012212
204,DES_SN746517,0.834958739685,0.623880597015,0.689768976898,0.26556220932
205,DES_SN173722,0.834958739685,0.629850746269,0.687296416938,0.266329674274
206,DES_SN840238,0.832708177044,0.620895522388,0.684210526316,0.260375541647
207,DES_SN581097,0.83120780195,0.626865671642,0.677419354839,0.258121158911
208,DES_SN807968,0.839459864966,0.629850746269,0.700996677741,0.276296273311
209,DES_SN878174,0.835708927232,0.629850746269,0.68954248366,0.267940539239
210,DES_SN434549,0.834958739685,0.629850746269,0.687296416938,0.266329674274
211,DES_SN073814,0.835708927232,0.629850746269,0.68954248366,0.267940539239
212,DES_SN735935,0.832708177044,0.629850746269,0.68064516129,0.261611235163
213,DES_SN709212,0.84096024006,0.638805970149,0.701639344262,0.280707346226
214,DES_SN180288,0.837209302326,0.626865671642,0.695364238411,0.270867882808
215,DES_SN431393,0.840210052513,0.641791044776,0.698051948052,0.279322013415
216,DES_SN841495,0.84096024006,0.635820895522,0.70297029703,0.280393065727
217,DES_SN522955,0.834958739685,0.64776119403,0.680250783699,0.268765160812
218,DES_SN140446,0.84096024006,0.64776119403,0.697749196141,0.281691741692
219,DES_SN669745,0.84096024006,0.64776119403,0.697749196141,0.281691741692
220,DES_SN802928,0.837959489872,0.632835820896,0.695081967213,0.273240721038
221,DES_SN833311,0.839459864966,0.638805970149,0.697068403909,0.277291029639
222,DES_SN591069,0.839459864966,0.632835820896,0.699669966997,0.276621018618
223,DES_SN292323,0.84096024006,0.641791044776,0.700325732899,0.281028665228
224,DES_SN102620,0.836459114779,0.620895522388,0.695652173913,0.268495361033
225,DES_SN363982,0.837209302326,0.623880597015,0.696666666667,0.270520839784
226,DES_SN333531,0.839459864966,0.632835820896,0.699669966997,0.276621018618
227,DES_SN631075,0.838709677419,0.632835820896,0.697368421053,0.274920479569
228,DES_SN601536,0.835708927232,0.626865671642,0.690789473684,0.267564615945
229,DES_SN023044,0.836459114779,0.623880597015,0.694352159468,0.268847515002
230,DES_SN188512,0.837209302326,0.623880597015,0.696666666667,0.270520839784
231,DES_SN534246,0.840210052513,0.635820895522,0.700657894737,0.278662244334
232,DES_SN494195,0.842460615154,0.635820895522,0.707641196013,0.283920022529
233,DES_SN325152,0.84096024006,0.644776119403,0.699029126214,0.281356852103
234,DES_SN023544,0.843210802701,0.641791044776,0.707236842105,0.286276088437
235,DES_SN773033,0.841710427607,0.641791044776,0.702614379085,0.282756300465
236,DES_SN287487,0.844711177794,0.641791044776,0.711920529801,0.289884610561
237,DES_SN290489,0.837959489872,0.623880597015,0.698996655518,0.272215124794
238,DES_SN749448,0.837959489872,0.620895522388,0.700336700337,0.271886881383
239,DES_SN389081,0.846211552888,0.641791044776,0.716666666667,0.293585265164
240,DES_SN583658,0.842460615154,0.626865671642,0.71186440678,0.283100625903
241,DES_SN840526,0.837959489872,0.614925373134,0.703071672355,0.271251877657
242,DES_SN402406,0.839459864966,0.614925373134,0.707903780069,0.274782270858
243,DES_SN315612,0.839459864966,0.605970149254,0.712280701754,0.273968686634
244,DES_SN477190,0.839459864966,0.614925373134,0.707903780069,0.274782270858
245,DES_SN333499,0.843210802701,0.623880597015,0.715753424658,0.284696604315
246,DES_SN215047,0.841710427607,0.629850746269,0.708053691275,0.281564634455
247,DES_SN526819,0.839459864966,0.608955223881,0.710801393728,0.274231491549
248,DES_SN558550,0.837959489872,0.620895522388,0.700336700337,0.271886881383
249,DES_SN400913,0.84096024006,0.623880597015,0.708474576271,0.279209945987
250,DES_SN138856,0.835708927232,0.611940298507,0.697278911565,0.265779155072
251,DES_SN894089,0.842460615154,0.635820895522,0.707641196013,0.283920022529
252,DES_SN738193,0.842460615154,0.626865671642,0.71186440678,0.283100625903
253,DES_SN543275,0.838709677419,0.629850746269,0.698675496689,0.274583693105
254,DES_SN364893,0.837209302326,0.611940298507,0.702054794521,0.269201204279
255,DES_SN105453,0.838709677419,0.617910447761,0.704081632653,0.273306544202
256,DES_SN467415,0.834958739685,0.611940298507,0.694915254237,0.264100549882
257,DES_SN891244,0.837959489872,0.617910447761,0.701694915254,0.271565738188
258,DES_SN014109,0.843210802701,0.623880597015,0.715753424658,0.284696604315
259,DES_SN321477,0.838709677419,0.617910447761,0.704081632653,0.273306544202
260,DES_SN579804,0.84096024006,0.626865671642,0.707070707071,0.279494248503
261,DES_SN498792,0.836459114779,0.626865671642,0.693069306931,0.269206116656
262,DES_SN531112,0.837959489872,0.641791044776,0.691318327974,0.27432420403
263,DES_SN887885,0.839459864966,0.629850746269,0.700996677741,0.276296273311
264,DES_SN171569,0.842460615154,0.641791044776,0.704918032787,0.284505308509
265,DES_SN124878,0.842460615154,0.635820895522,0.707641196013,0.283920022529
266,DES_SN735338,0.84096024006,0.638805970149,0.701639344262,0.280707346226
267,DES_SN599245,0.837209302326,0.623880597015,0.696666666667,0.270520839784
268,DES_SN379360,0.84096024006,0.626865671642,0.707070707071,0.279494248503
269,DES_SN218559,0.843210802701,0.632835820896,0.711409395973,0.285449349
270,DES_SN543357,0.845461365341,0.638805970149,0.715719063545,0.291480762499
271,DES_SN071607,0.843960990248,0.626865671642,0.716723549488,0.286801287679
272,DES_SN357342,0.844711177794,0.626865671642,0.719178082192,0.288688138256
273,DES_SN688784,0.843960990248,0.623880597015,0.718213058419,0.286573724783
274,DES_SN230885,0.843210802701,0.626865671642,0.714285714286,0.284938941655
275,DES_SN888634,0.844711177794,0.626865671642,0.719178082192,0.288688138256
276,DES_SN288320,0.843960990248,0.614925373134,0.722807017544,0.285947238974
277,DES_SN511804,0.839459864966,0.614925373134,0.707903780069,0.274782270858
278,DES_SN335892,0.843960990248,0.611940298507,0.724381625442,0.285757998164
279,DES_SN187419,0.839459864966,0.605970149254,0.712280701754,0.273968686634
280,DES_SN812089,0.84096024006,0.608955223881,0.715789473684,0.277912451167
281,DES_SN267390,0.841710427607,0.614925373134,0.715277777778,0.28025359926
282,DES_SN036768,0.842460615154,0.614925373134,0.717770034843,0.282126117741
283,DES_SN534788,0.840210052513,0.605970149254,0.714788732394,0.275811525333
284,DES_SN859560,0.837959489872,0.591044776119,0.714801444043,0.269027277406
285,DES_SN428378,0.842460615154,0.591044776119,0.730627306273,0.280639965639
286,DES_SN166979,0.839459864966,0.602985074627,0.713780918728,0.273714573201
287,DES_SN145977,0.841710427607,0.611940298507,0.716783216783,0.280017324094
288,DES_SN215886,0.840210052513,0.6,0.717857142857,0.275342465753
289,DES_SN218573,0.838709677419,0.597014925373,0.714285714286,0.271370420624
290,DES_SN660687,0.843210802701,0.608955223881,0.723404255319,0.283622980985
291,DES_SN815334,0.841710427607,0.602985074627,0.721428571429,0.279364644667
292,DES_SN469998,0.833458364591,0.564179104478,0.71320754717,0.25570707613
293,DES_SN855242,0.838709677419,0.585074626866,0.720588235294,0.270459025627
294,DES_SN709913,0.834208552138,0.585074626866,0.705035971223,0.259444857162
295,DES_SN803823,0.833458364591,0.579104477612,0.705454545455,0.257085282967
296,DES_SN682545,0.828207051763,0.570149253731,0.692028985507,0.244167057091
297,DES_SN558601,0.834208552138,0.573134328358,0.711111111111,0.258314063485
298,DES_SN868812,0.837209302326,0.570149253731,0.723484848485,0.265606115763
299,DES_SN405045,0.834958739685,0.576119402985,0.712177121771,0.260400573246
300,DES_SN092817,0.829707426857,0.567164179104,0.698529411765,0.247158701903
301,DES_SN482970,0.834208552138,0.564179104478,0.715909090909,0.257560025957
302,DES_SN567589,0.830457614404,0.558208955224,0.705660377358,0.247945545432
303,DES_SN087620,0.832708177044,0.561194029851,0.712121212121,0.253616532721
304,DES_SN123020,0.83120780195,0.561194029851,0.706766917293,0.250010610455
305,DES_SN857318,0.83120780195,0.555223880597,0.709923664122,0.249448410123
306,DES_SN628384,0.833458364591,0.564179104478,0.71320754717,0.25570707613
307,DES_SN077630,0.831957989497,0.567164179104,0.706319702602,0.252368135901
308,DES_SN055106,0.832708177044,0.561194029851,0.712121212121,0.253616532721
309,DES_SN615678,0.83120780195,0.558208955224,0.708333333333,0.249725058916
310,DES_SN540321,0.833458364591,0.564179104478,0.71320754717,0.25570707613
311,DES_SN474676,0.82895723931,0.55223880597,0.703422053232,0.243828589748
312,DES_SN355889,0.83120780195,0.567164179104,0.703703703704,0.250607427976
313,DES_SN172907,0.832708177044,0.570149253731,0.707407407407,0.2544357651
314,DES_SN145372,0.835708927232,0.567164179104,0.719696969697,0.261556296189
315,DES_SN040600,0.835708927232,0.585074626866,0.710144927536,0.263015199233
316,DES_SN440053,0.833458364591,0.567164179104,0.711610486891,0.255964831425
317,DES_SN154579,0.831957989497,0.558208955224,0.71102661597,0.251530300306
318,DES_SN544858,0.826706676669,0.540298507463,0.701550387597,0.237364150123
319,DES_SN569099,0.832708177044,0.570149253731,0.707407407407,0.2544357651
320,DES_SN181017,0.83120780195,0.546268656716,0.71484375,0.248674537759
321,DES_SN352350,0.832708177044,0.558208955224,0.713740458015,0.253361831619
322,DES_SN106864,0.83120780195,0.546268656716,0.71484375,0.248674537759
323,DES_SN545982,0.83120780195,0.546268656716,0.71484375,0.248674537759
324,DES_SN039178,0.832708177044,0.54328358209,0.722222222222,0.25223880597
325,DES_SN236712,0.829707426857,0.537313432836,0.714285714286,0.244233378562
326,DES_SN803707,0.83120780195,0.54328358209,0.716535433071,0.248436210905
327,DES_SN612797,0.83120780195,0.546268656716,0.71484375,0.248674537759
328,DES_SN266193,0.832708177044,0.558208955224,0.713740458015,0.253361831619
329,DES_SN187402,0.822205551388,0.540298507463,0.685606060606,0.227427976397
330,DES_SN221278,0.822205551388,0.525373134328,0.692913385827,0.225526028395
331,DES_SN010304,0.827456864216,0.528358208955,0.710843373494,0.237962857468
332,DES_SN291209,0.832708177044,0.549253731343,0.71875,0.252656716418
333,DES_SN207922,0.823705926482,0.54328358209,0.689393939394,0.231022457804
334,DES_SN694423,0.826706676669,0.534328358209,0.704724409449,0.236744495345
335,DES_SN886589,0.825206301575,0.522388059701,0.70564516129,0.232025153421
336,DES_SN836939,0.829707426857,0.537313432836,0.714285714286,0.244233378562
337,DES_SN410424,0.830457614404,0.534328358209,0.718875502008,0.245873460461
338,DES_SN271419,0.829707426857,0.531343283582,0.717741935484,0.243760578551
339,DES_SN883964,0.829707426857,0.54328358209,0.7109375,0.244746564209
340,DES_SN675494,0.831957989497,0.54328358209,0.719367588933,0.250323068203
341,DES_SN805033,0.830457614404,0.534328358209,0.718875502008,0.245873460461
342,DES_SN421669,0.831957989497,0.534328358209,0.724696356275,0.249725264019
343,DES_SN702570,0.83120780195,0.534328358209,0.721774193548,0.247784394092
344,DES_SN134612,0.825206301575,0.507462686567,0.714285714286,0.230664857531
345,DES_SN197096,0.825956489122,0.516417910448,0.711934156379,0.233264486965
346,DES_SN468774,0.825206301575,0.522388059701,0.70564516129,0.232025153421
347,DES_SN154897,0.827456864216,0.531343283582,0.709163346614,0.238234520095
348,DES_SN690708,0.829707426857,0.54328358209,0.7109375,0.244746564209
349,DES_SN396663,0.83120780195,0.546268656716,0.71484375,0.248674537759
350,DES_SN119874,0.834208552138,0.549253731343,0.724409448819,0.256504280627
351,DES_SN693072,0.832708177044,0.54328358209,0.722222222222,0.25223880597
352,DES_SN532087,0.833458364591,0.549253731343,0.721568627451,0.254565961126
353,DES_SN468735,0.834208552138,0.546268656716,0.72619047619,0.256326061998
354,DES_SN702826,0.832708177044,0.546268656716,0.720472440945,0.252442333786
355,DES_SN082134,0.83120780195,0.549253731343,0.713178294574,0.248922873318
356,DES_SN606673,0.834958739685,0.55223880597,0.725490196078,0.258643491404
357,DES_SN239164,0.834958739685,0.549253731343,0.727272727273,0.258472344162
358,DES_SN052483,0.835708927232,0.55223880597,0.728346456693,0.260622905879
359,DES_SN850523,0.834208552138,0.549253731343,0.724409448819,0.256504280627
360,DES_SN866722,0.834958739685,0.555223880597,0.72373540856,0.258826169902
361,DES_SN501999,0.834208552138,0.549253731343,0.724409448819,0.256504280627
362,DES_SN263095,0.833458364591,0.558208955224,0.716475095785,0.255220231362
363,DES_SN827139,0.837959489872,0.573134328358,0.724528301887,0.267741584051
364,DES_SN318698,0.834958739685,0.567164179104,0.716981132075,0.259665527783
365,DES_SN699280,0.841710427607,0.585074626866,0.731343283582,0.278336472975
366,DES_SN107864,0.837209302326,0.573134328358,0.721804511278,0.265801427644
367,DES_SN173160,0.838709677419,0.582089552239,0.722222222222,0.270255863539
368,DES_SN885588,0.841710427607,0.591044776119,0.727941176471,0.278635394456
369,DES_SN591898,0.840210052513,0.591044776119,0.722627737226,0.274710952281
370,DES_SN072634,0.841710427607,0.591044776119,0.727941176471,0.278635394456
371,DES_SN110823,0.840210052513,0.585074626866,0.725925925926,0.274341212597
372,DES_SN551671,0.837959489872,0.582089552239,0.719557195572,0.268339155287
373,DES_SN712078,0.837959489872,0.576119402985,0.722846441948,0.267930228376
374,DES_SN389794,0.841710427607,0.591044776119,0.727941176471,0.278635394456
375,DES_SN616860,0.839459864966,0.588059701493,0.721611721612,0.272582967515
376,DES_SN521287,0.839459864966,0.579104477612,0.7265917603,0.272024863576
377,DES_SN206117,0.839459864966,0.582089552239,0.724907063197,0.272200150327
378,DES_SN835936,0.839459864966,0.591044776119,0.72,0.27278989667
379,DES_SN192160,0.840210052513,0.582089552239,0.727611940299,0.274172615185
380,DES_SN461259,0.837209302326,0.573134328358,0.721804511278,0.265801427644
381,DES_SN099301,0.84096024006,0.579104477612,0.732075471698,0.276035058125
382,DES_SN666795,0.839459864966,0.585074626866,0.723247232472,0.272386287092
383,DES_SN088156,0.839459864966,0.588059701493,0.721611721612,0.272582967515
384,DES_SN736173,0.840210052513,0.597014925373,0.719424460432,0.275122085425
385,DES_SN871246,0.836459114779,0.582089552239,0.714285714286,0.264586160109
386,DES_SN623414,0.841710427607,0.597014925373,0.724637681159,0.27897893709
387,DES_SN835189,0.84096024006,0.591044776119,0.725274725275,0.276659256907
388,DES_SN603327,0.84096024006,0.594029850746,0.723636363636,0.276842951519
389,DES_SN544843,0.843960990248,0.591044776119,0.736059479554,0.284736899444
390,DES_SN635231,0.84096024006,0.585074626866,0.728624535316,0.276324402086
391,DES_SN653247,0.839459864966,0.588059701493,0.721611721612,0.272582967515
392,DES_SN232259,0.839459864966,0.582089552239,0.724907063197,0.272200150327
393,DES_SN418929,0.84096024006,0.597014925373,0.72202166065,0.27703708834
394,DES_SN108763,0.841710427607,0.6,0.723021582734,0.279166666667
395,DES_SN260397,0.84096024006,0.582089552239,0.730337078652,0.27617387515
396,DES_SN038374,0.84096024006,0.591044776119,0.725274725275,0.276659256907
397,DES_SN693506,0.843210802701,0.602985074627,0.726618705036,0.283262755988
398,DES_SN422291,0.843210802701,0.6,0.728260869565,0.283098591549
399,DES_SN528093,0.838709677419,0.588059701493,0.71897810219,0.270672339238
400,DES_SN604717,0.84096024006,0.588059701493,0.726937269373,0.276486303566
401,DES_SN320798,0.841710427607,0.591044776119,0.727941176471,0.278635394456
402,DES_SN581955,0.84096024006,0.588059701493,0.726937269373,0.276486303566
403,DES_SN312456,0.841710427607,0.591044776119,0.727941176471,0.278635394456
404,DES_SN293498,0.837209302326,0.582089552239,0.716911764706,0.266449442926
405,DES_SN570650,0.843960990248,0.594029850746,0.734317343173,0.284848048912
406,DES_SN001670,0.840210052513,0.585074626866,0.725925925926,0.274341212597
407,DES_SN289169,0.836459114779,0.570149253731,0.720754716981,0.263676773517
408,DES_SN096401,0.836459114779,0.585074626866,0.712727272727,0.26483747544
409,DES_SN254144,0.841710427607,0.602985074627,0.721428571429,0.279364644667
410,DES_SN491714,0.838709677419,0.594029850746,0.715827338129,0.271128303437
411,DES_SN263530,0.84096024006,0.591044776119,0.725274725275,0.276659256907
412,DES_SN554490,0.845461365341,0.602985074627,0.734545454545,0.289318254334
413,DES_SN128839,0.841710427607,0.591044776119,0.727941176471,0.278635394456
414,DES_SN520849,0.843960990248,0.6,0.730909090909,0.285106382979
415,DES_SN221023,0.839459864966,0.585074626866,0.723247232472,0.272386287092
416,DES_SN884601,0.845461365341,0.602985074627,0.734545454545,0.289318254334
417,DES_SN804489,0.842460615154,0.597014925373,0.727272727273,0.280948200176
418,DES_SN442019,0.841710427607,0.582089552239,0.733082706767,0.278204565408
419,DES_SN832078,0.84096024006,0.591044776119,0.725274725275,0.276659256907
420,DES_SN284448,0.840210052513,0.591044776119,0.722627737226,0.274710952281
421,DES_SN885313,0.841710427607,0.588059701493,0.72962962963,0.278480195178
422,DES_SN307719,0.838709677419,0.591044776119,0.717391304348,0.270895522388
423,DES_SN884881,0.839459864966,0.591044776119,0.72,0.27278989667
424,DES_SN847540,0.840210052513,0.585074626866,0.725925925926,0.274341212597
425,DES_SN592340,0.844711177794,0.594029850746,0.737037037037,0.286922185191
426,DES_SN645783,0.841710427607,0.594029850746,0.726277372263,0.278801745987
427,DES_SN122914,0.833458364591,0.570149253731,0.710037174721,0.256231782265
428,DES_SN478591,0.837959489872,0.591044776119,0.714801444043,0.269027277406
429,DES_SN177469,0.837959489872,0.585074626866,0.717948717949,0.268558845119
430,DES_SN764311,0.84096024006,0.585074626866,0.728624535316,0.276324402086
431,DES_SN271768,0.840210052513,0.579104477612,0.729323308271,0.274015289407
432,DES_SN385509,0.840210052513,0.573134328358,0.732824427481,0.273735798619
433,DES_SN697067,0.841710427607,0.585074626866,0.731343283582,0.278336472975
434,DES_SN268714,0.839459864966,0.579104477612,0.7265917603,0.272024863576
435,DES_SN105682,0.834958739685,0.564179104478,0.718631178707,0.259440026147
436,DES_SN277152,0.846961740435,0.6,0.741697416974,0.293430656934
437,DES_SN876135,0.840210052513,0.576119402985,0.731060606061,0.273869568414
438,DES_SN461075,0.841710427607,0.588059701493,0.72962962963,0.278480195178
439,DES_SN373096,0.843960990248,0.588059701493,0.737827715356,0.284638233892
440,DES_SN103585,0.840210052513,0.576119402985,0.731060606061,0.273869568414
441,DES_SN759993,0.837959489872,0.576119402985,0.722846441948,0.267930228376
442,DES_SN171978,0.84096024006,0.582089552239,0.730337078652,0.27617387515
443,DES_SN521202,0.842460615154,0.588059701493,0.732342007435,0.280503053739
444,DES_SN792582,0.841710427607,0.579104477612,0.734848484848,0.278084823408
445,DES_SN722546,0.839459864966,0.573134328358,0.730038022814,0.271708126036
446,DES_SN451112,0.835708927232,0.564179104478,0.721374045802,0.261347673398
447,DES_SN346997,0.839459864966,0.585074626866,0.723247232472,0.272386287092
448,DES_SN353031,0.839459864966,0.579104477612,0.7265917603,0.272024863576
449,DES_SN239399,0.84096024006,0.582089552239,0.730337078652,0.27617387515
450,DES_SN199922,0.837209302326,0.576119402985,0.720149253731,0.266007284153
451,DES_SN039466,0.841710427607,0.582089552239,0.733082706767,0.278204565408
452,DES_SN253277,0.843210802701,0.594029850746,0.731617647059,0.282803684925
453,DES_SN659420,0.842460615154,0.594029850746,0.728937728938,0.280788456766
454,DES_SN873301,0.843960990248,0.582089552239,0.74144486692,0.284479856357
455,DES_SN044189,0.840210052513,0.573134328358,0.732824427481,0.273735798619
456,DES_SN418184,0.842460615154,0.582089552239,0.735849056604,0.280265339967
457,DES_SN211824,0.840210052513,0.576119402985,0.731060606061,0.273869568414
458,DES_SN369297,0.839459864966,0.582089552239,0.724907063197,0.272200150327
459,DES_SN269267,0.842460615154,0.585074626866,0.734082397004,0.280378060796
460,DES_SN004736,0.837959489872,0.567164179104,0.727969348659,0.267397503796
461,DES_SN355737,0.834958739685,0.549253731343,0.727272727273,0.258472344162
462,DES_SN233976,0.844711177794,0.585074626866,0.742424242424,0.286686567164
463,DES_SN122525,0.837959489872,0.561194029851,0.731517509728,0.267099943321
464,DES_SN503962,0.836459114779,0.564179104478,0.724137931034,0.26328358209
465,DES_SN388555,0.847711927982,0.6,0.744444444444,0.295588235294
466,DES_SN562214,0.842460615154,0.582089552239,0.735849056604,0.280265339967
467,DES_SN514035,0.841710427607,0.582089552239,0.733082706767,0.278204565408
468,DES_SN290458,0.842460615154,0.576119402985,0.739463601533,0.280078198429
469,DES_SN135835,0.838709677419,0.564179104478,0.732558139535,0.269267299864
470,DES_SN787400,0.843210802701,0.582089552239,0.738636363636,0.282356872355
471,DES_SN578620,0.839459864966,0.567164179104,0.733590733591,0.271438775894
472,DES_SN374898,0.844711177794,0.594029850746,0.737037037037,0.286922185191
473,DES_SN292169,0.839459864966,0.573134328358,0.730038022814,0.271708126036
474,DES_SN397778,0.843210802701,0.582089552239,0.738636363636,0.282356872355
475,DES_SN866241,0.837209302326,0.564179104478,0.726923076923,0.265248384941
476,DES_SN318550,0.841710427607,0.582089552239,0.733082706767,0.278204565408
477,DES_SN327223,0.842460615154,0.573134328358,0.741312741313,0.280004557366
478,DES_SN454495,0.843210802701,0.582089552239,0.738636363636,0.282356872355
479,DES_SN117727,0.840210052513,0.570149253731,0.734615384615,0.273614340359
480,DES_SN119643,0.840210052513,0.573134328358,0.732824427481,0.273735798619
481,DES_SN014782,0.843210802701,0.576119402985,0.742307692308,0.282210773543
482,DES_SN765104,0.84096024006,0.570149253731,0.737451737452,0.275692423956
483,DES_SN490463,0.841710427607,0.570149253731,0.740310077519,0.277802314956
484,DES_SN688629,0.84096024006,0.570149253731,0.737451737452,0.275692423956
485,DES_SN432238,0.838709677419,0.567164179104,0.730769230769,0.269402985075
486,DES_SN898775,0.837959489872,0.567164179104,0.727969348659,0.267397503796
487,DES_SN745525,0.84096024006,0.570149253731,0.737451737452,0.275692423956
488,DES_SN549298,0.838709677419,0.573134328358,0.727272727273,0.269710272169
489,DES_SN208289,0.837959489872,0.564179104478,0.72972972973,0.2672427337
490,DES_SN374314,0.840210052513,0.576119402985,0.731060606061,0.273869568414
491,DES_SN241157,0.838709677419,0.558208955224,0.736220472441,0.269033697492
492,DES_SN140586,0.840210052513,0.567164179104,0.736434108527,0.273505568604
493,DES_SN170497,0.84096024006,0.579104477612,0.732075471698,0.276035058125
494,DES_SN424460,0.84096024006,0.567164179104,0.739299610895,0.275604076803
495,DES_SN037079,0.842460615154,0.582089552239,0.735849056604,0.280265339967
496,DES_SN281406,0.842460615154,0.579104477612,0.737642585551,0.280165258496
497,DES_SN146613,0.84096024006,0.573134328358,0.735632183908,0.275793962518
498,DES_SN018812,0.838709677419,0.567164179104,0.730769230769,0.269402985075
499,DES_SN888388,0.835708927232,0.55223880597,0.728346456693,0.260622905879
500,DES_SN714961,0.839459864966,0.564179104478,0.735408560311,0.271322775436
501,DES_SN037087,0.837959489872,0.555223880597,0.735177865613,0.266851787574
502,DES_SN148987,0.834958739685,0.555223880597,0.72373540856,0.258826169902
503,DES_SN834473,0.837959489872,0.561194029851,0.731517509728,0.267099943321
504,DES_SN099768,0.837209302326,0.558208955224,0.73046875,0.264936737632
505,DES_SN056036,0.838709677419,0.564179104478,0.732558139535,0.269267299864
506,DES_SN766958,0.838709677419,0.558208955224,0.736220472441,0.269033697492
507,DES_SN076032,0.840210052513,0.570149253731,0.734615384615,0.273614340359
508,DES_SN027951,0.836459114779,0.561194029851,0.725868725869,0.263103435441
509,DES_SN537739,0.841710427607,0.564179104478,0.744094488189,0.277681902985
510,DES_SN882878,0.836459114779,0.55223880597,0.731225296443,0.262632851168
511,DES_SN109044,0.838709677419,0.561194029851,0.734375,0.269144075541
512,DES_SN257258,0.840210052513,0.576119402985,0.731060606061,0.273869568414
513,DES_SN651167,0.834958739685,0.549253731343,0.727272727273,0.258472344162
514,DES_SN083521,0.839459864966,0.561194029851,0.737254901961,0.271219736792
515,DES_SN645011,0.836459114779,0.558208955224,0.727626459144,0.262934696793
516,DES_SN418668,0.840210052513,0.573134328358,0.732824427481,0.273735798619
517,DES_SN119956,0.842460615154,0.567164179104,0.745098039216,0.279899205272
518,DES_SN312254,0.836459114779,0.558208955224,0.727626459144,0.262934696793
519,DES_SN056697,0.837209302326,0.558208955224,0.73046875,0.264936737632
520,DES_SN452911,0.836459114779,0.549253731343,0.733067729084,0.26250048459
521,DES_SN878995,0.839459864966,0.567164179104,0.733590733591,0.271438775894
522,DES_SN402875,0.838709677419,0.561194029851,0.734375,0.269144075541
523,DES_SN119275,0.831957989497,0.54328358209,0.719367588933,0.250323068203
524,DES_SN457571,0.836459114779,0.555223880597,0.729411764706,0.262777714481
525,DES_SN560681,0.84096024006,0.564179104478,0.741176470588,0.275529330094
526,DES_SN416492,0.837209302326,0.54328358209,0.739837398374,0.264378641552
527,DES_SN206788,0.839459864966,0.555223880597,0.741035856574,0.271054177929
528,DES_SN661026,0.837959489872,0.555223880597,0.735177865613,0.266851787574
529,DES_SN869215,0.834958739685,0.540298507463,0.732793522267,0.258031741031
530,DES_SN837898,0.838709677419,0.555223880597,0.738095238095,0.268936567164
531,DES_SN071928,0.838709677419,0.55223880597,0.74,0.268853102907
532,DES_SN725853,0.84096024006,0.561194029851,0.743083003953,0.275468609953
533,DES_SN243312,0.840210052513,0.573134328358,0.732824427481,0.273735798619
534,DES_SN012445,0.837209302326,0.546268656716,0.737903225806,0.264463397299
535,DES_SN448209,0.843210802701,0.570149253731,0.74609375,0.282120485655
536,DES_SN876707,0.837959489872,0.555223880597,0.735177865613,0.266851787574
537,DES_SN533628,0.840210052513,0.567164179104,0.736434108527,0.273505568604
538,DES_SN110277,0.843210802701,0.573134328358,0.744186046512,0.282158438576
539,DES_SN674730,0.838709677419,0.558208955224,0.736220472441,0.269033697492
540,DES_SN037402,0.838709677419,0.558208955224,0.736220472441,0.269033697492
541,DES_SN484106,0.843960990248,0.558208955224,0.757085020243,0.284427996258
542,DES_SN225780,0.835708927232,0.549253731343,0.730158730159,0.260470841668
543,DES_SN214127,0.839459864966,0.558208955224,0.739130434783,0.271130063966
544,DES_SN402878,0.84096024006,0.570149253731,0.737451737452,0.275692423956
545,DES_SN654251,0.839459864966,0.561194029851,0.737254901961,0.271219736792
546,DES_SN557604,0.839459864966,0.55223880597,0.74297188755,0.270992517519
547,DES_SN538638,0.835708927232,0.540298507463,0.735772357724,0.260090504922
548,DES_SN237067,0.837959489872,0.55223880597,0.737051792829,0.266747203928
549,DES_SN440187,0.839459864966,0.558208955224,0.739130434783,0.271130063966
550,DES_SN292517,0.836459114779,0.546268656716,0.734939759036,0.262381008344
551,DES_SN201226,0.84096024006,0.567164179104,0.739299610895,0.275604076803
552,DES_SN071294,0.841710427607,0.576119402985,0.736641221374,0.27797761194
553,DES_SN403012,0.832708177044,0.537313432836,0.725806451613,0.251865671642
554,DES_SN145921,0.839459864966,0.555223880597,0.741035856574,0.271054177929
555,DES_SN760151,0.839459864966,0.561194029851,0.737254901961,0.271219736792
556,DES_SN228810,0.840210052513,0.558208955224,0.742063492063,0.273259357662
557,DES_SN719661,0.836459114779,0.54328358209,0.736842105263,0.262274832733
558,DES_SN306359,0.840210052513,0.558208955224,0.742063492063,0.273259357662
559,DES_SN799474,0.843210802701,0.561194029851,0.752,0.282097533722
560,DES_SN556095,0.836459114779,0.546268656716,0.734939759036,0.262381008344
561,DES_SN379431,0.840210052513,0.564179104478,0.73828125,0.273409873708
562,DES_SN285180,0.841710427607,0.567164179104,0.7421875,0.277735036159
563,DES_SN114612,0.843960990248,0.573134328358,0.747081712062,0.284345713294
564,DES_SN060589,0.84096024006,0.558208955224,0.745019920319,0.275422360493
565,DES_SN525332,0.84096024006,0.564179104478,0.741176470588,0.275529330094
566,DES_SN844836,0.843960990248,0.570149253731,0.749019607843,0.284330306691
567,DES_SN723233,0.838709677419,0.555223880597,0.738095238095,0.268936567164
568,DES_SN294926,0.841710427607,0.567164179104,0.7421875,0.277735036159
569,DES_SN691035,0.844711177794,0.567164179104,0.753968253968,0.286598920292
570,DES_SN898692,0.839459864966,0.55223880597,0.74297188755,0.270992517519
571,DES_SN621139,0.836459114779,0.549253731343,0.733067729084,0.26250048459
572,DES_SN475852,0.837959489872,0.55223880597,0.737051792829,0.266747203928
573,DES_SN698021,0.84096024006,0.561194029851,0.743083003953,0.275468609953
574,DES_SN008506,0.839459864966,0.561194029851,0.737254901961,0.271219736792
575,DES_SN513866,0.842460615154,0.570149253731,0.743190661479,0.279944749261
576,DES_SN792069,0.837209302326,0.55223880597,0.734126984127,0.264674039131
577,DES_SN794663,0.84096024006,0.567164179104,0.739299610895,0.275604076803
578,DES_SN535367,0.842460615154,0.564179104478,0.747035573123,0.279868374662
579,DES_SN286117,0.843210802701,0.570149253731,0.74609375,0.282120485655
580,DES_SN064017,0.84096024006,0.564179104478,0.741176470588,0.275529330094
581,DES_SN005386,0.846211552888,0.573134328358,0.755905511811,0.291115849325
582,DES_SN361591,0.839459864966,0.561194029851,0.737254901961,0.271219736792
583,DES_SN255954,0.840210052513,0.564179104478,0.73828125,0.273409873708
584,DES_SN712292,0.840210052513,0.561194029851,0.740157480315,0.273327662207
585,DES_SN810793,0.843210802701,0.582089552239,0.738636363636,0.282356872355
586,DES_SN403014,0.843210802701,0.567164179104,0.748031496063,0.28209736657
587,DES_SN651707,0.84096024006,0.558208955224,0.745019920319,0.275422360493
588,DES_SN709321,0.84096024006,0.561194029851,0.743083003953,0.275468609953
589,DES_SN182254,0.837209302326,0.55223880597,0.734126984127,0.264674039131
590,DES_SN456464,0.840210052513,0.555223880597,0.744,0.273205401564
591,DES_SN179814,0.838709677419,0.555223880597,0.738095238095,0.268936567164
592,DES_SN866611,0.84096024006,0.564179104478,0.741176470588,0.275529330094
593,DES_SN816097,0.839459864966,0.558208955224,0.739130434783,0.271130063966
594,DES_SN771120,0.836459114779,0.546268656716,0.734939759036,0.262381008344
595,DES_SN100914,0.835708927232,0.555223880597,0.7265625,0.26078697422
596,DES_SN867062,0.837209302326,0.55223880597,0.734126984127,0.264674039131
597,DES_SN340256,0.838709677419,0.555223880597,0.738095238095,0.268936567164
598,DES_SN166640,0.840210052513,0.558208955224,0.742063492063,0.273259357662
599,DES_SN101528,0.837209302326,0.55223880597,0.734126984127,0.264674039131
600,DES_SN060388,0.843210802701,0.570149253731,0.74609375,0.282120485655
601,DES_SN656722,0.840210052513,0.549253731343,0.747967479675,0.273142396127
602,DES_SN411567,0.839459864966,0.567164179104,0.733590733591,0.271438775894
603,DES_SN076405,0.838709677419,0.558208955224,0.736220472441,0.269033697492
604,DES_SN079179,0.837209302326,0.558208955224,0.73046875,0.264936737632
605,DES_SN606246,0.846961740435,0.576119402985,0.756862745098,0.293380065372
606,DES_SN773172,0.84096024006,0.561194029851,0.743083003953,0.275468609953
607,DES_SN084889,0.840210052513,0.564179104478,0.73828125,0.273409873708
608,DES_SN265323,0.837209302326,0.549253731343,0.736,0.26456200672
609,DES_SN036875,0.839459864966,0.561194029851,0.737254901961,0.271219736792
610,DES_SN447983,0.838709677419,0.558208955224,0.736220472441,0.269033697492
611,DES_SN306165,0.839459864966,0.561194029851,0.737254901961,0.271219736792
612,DES_SN645696,0.844711177794,0.576119402985,0.748062015504,0.28657485767
613,DES_SN752752,0.837209302326,0.55223880597,0.734126984127,0.264674039131
614,DES_SN427960,0.84096024006,0.567164179104,0.739299610895,0.275604076803
615,DES_SN207520,0.839459864966,0.561194029851,0.737254901961,0.271219736792
616,DES_SN308251,0.844711177794,0.576119402985,0.748062015504,0.28657485767
617,DES_SN489512,0.839459864966,0.561194029851,0.737254901961,0.271219736792
618,DES_SN105990,0.841710427607,0.573134328358,0.738461538462,0.277883310719
619,DES_SN248561,0.846211552888,0.579104477612,0.751937984496,0.291052509473
620,DES_SN267233,0.842460615154,0.567164179104,0.745098039216,0.279899205272
621,DES_SN101621,0.838709677419,0.555223880597,0.738095238095,0.268936567164
622,DES_SN021942,0.844711177794,0.576119402985,0.748062015504,0.28657485767
623,DES_SN682528,0.84096024006,0.561194029851,0.743083003953,0.275468609953
624,DES_SN870000,0.841710427607,0.564179104478,0.744094488189,0.277681902985
625,DES_SN625242,0.845461365341,0.570149253731,0.754940711462,0.288855457461
626,DES_SN830723,0.843210802701,0.567164179104,0.748031496063,0.28209736657
627,DES_SN493906,0.845461365341,0.573134328358,0.752941176471,0.288823598543
628,DES_SN316289,0.841710427607,0.573134328358,0.738461538462,0.277883310719
629,DES_SN689495,0.841710427607,0.576119402985,0.736641221374,0.27797761194
630,DES_SN875509,0.844711177794,0.579104477612,0.746153846154,0.286597624124
631,DES_SN443754,0.846211552888,0.585074626866,0.748091603053,0.291052352451
632,DES_SN439281,0.843960990248,0.576119402985,0.745173745174,0.284376073596
633,DES_SN034633,0.846211552888,0.573134328358,0.755905511811,0.291115849325
634,DES_SN357929,0.845461365341,0.579104477612,0.749034749035,0.288807888578
635,DES_SN198687,0.843210802701,0.567164179104,0.748031496063,0.28209736657
636,DES_SN100803,0.845461365341,0.579104477612,0.749034749035,0.288807888578
637,DES_SN703391,0.845461365341,0.570149253731,0.754940711462,0.288855457461
638,DES_SN478832,0.844711177794,0.579104477612,0.746153846154,0.286597624124
639,DES_SN402184,0.843960990248,0.576119402985,0.745173745174,0.284376073596
640,DES_SN483395,0.842460615154,0.573134328358,0.741312741313,0.280004557366
641,DES_SN192377,0.849212303076,0.591044776119,0.75572519084,0.300068886338
642,DES_SN773148,0.843210802701,0.564179104478,0.75,0.282089552239
643,DES_SN039368,0.842460615154,0.561194029851,0.749003984064,0.279852725761
644,DES_SN227048,0.844711177794,0.573134328358,0.75,0.286567164179
645,DES_SN671105,0.842460615154,0.561194029851,0.749003984064,0.279852725761
646,DES_SN664443,0.846211552888,0.570149253731,0.757936507937,0.291172479847
647,DES_SN772521,0.843210802701,0.564179104478,0.75,0.282089552239
648,DES_SN522478,0.842460615154,0.561194029851,0.749003984064,0.279852725761
649,DES_SN074372,0.843960990248,0.570149253731,0.749019607843,0.284330306691
650,DES_SN451376,0.846211552888,0.570149253731,0.757936507937,0.291172479847
651,DES_SN801854,0.837959489872,0.549253731343,0.738955823293,0.266656165085
652,DES_SN106149,0.84096024006,0.558208955224,0.745019920319,0.275422360493
653,DES_SN660814,0.847711927982,0.579104477612,0.7578125,0.295648075412
654,DES_SN766647,0.846961740435,0.573134328358,0.758893280632,0.293444776119
655,DES_SN675432,0.845461365341,0.570149253731,0.754940711462,0.288855457461
656,DES_SN361757,0.844711177794,0.561194029851,0.758064516129,0.286696950032
657,DES_SN563843,0.846211552888,0.573134328358,0.755905511811,0.291115849325
658,DES_SN629704,0.846211552888,0.573134328358,0.755905511811,0.291115849325
659,DES_SN277249,0.844711177794,0.564179104478,0.756,0.286639383727
660,DES_SN095749,0.846211552888,0.564179104478,0.762096774194,0.291338390017
661,DES_SN469369,0.849962490623,0.579104477612,0.766798418972,0.30282013115
662,DES_SN013520,0.845461365341,0.573134328358,0.752941176471,0.288823598543
663,DES_SN297589,0.846961740435,0.570149253731,0.760956175299,0.293526974293
664,DES_SN721277,0.846211552888,0.567164179104,0.76,0.291246470351
665,DES_SN658505,0.845461365341,0.567164179104,0.756972111554,0.288904005442
666,DES_SN145014,0.844711177794,0.561194029851,0.758064516129,0.286696950032
667,DES_SN200600,0.846211552888,0.570149253731,0.757936507937,0.291172479847
668,DES_SN617387,0.841710427607,0.55223880597,0.752032520325,0.277620051914
669,DES_SN017705,0.848462115529,0.579104477612,0.760784313725,0.298000712617
670,DES_SN499454,0.843960990248,0.570149253731,0.749019607843,0.284330306691
671,DES_SN878215,0.844711177794,0.555223880597,0.762295081967,0.286865671642
672,DES_SN732397,0.843960990248,0.555223880597,0.759183673469,0.284494880967
673,DES_SN579490,0.848462115529,0.579104477612,0.760784313725,0.298000712617
674,DES_SN821353,0.837959489872,0.55223880597,0.737051792829,0.266747203928
675,DES_SN398410,0.842460615154,0.561194029851,0.749003984064,0.279852725761
676,DES_SN520244,0.842460615154,0.555223880597,0.753036437247,0.279868947943
677,DES_SN131136,0.843210802701,0.561194029851,0.752,0.282097533722
678,DES_SN577742,0.843960990248,0.567164179104,0.750988142292,0.284330327256
679,DES_SN227023,0.84096024006,0.555223880597,0.746987951807,0.275391044776
680,DES_SN458199,0.845461365341,0.570149253731,0.754940711462,0.288855457461
681,DES_SN414116,0.844711177794,0.570149253731,0.751968503937,0.286575019639
682,DES_SN417954,0.847711927982,0.561194029851,0.770491803279,0.296360892168
683,DES_SN172448,0.847711927982,0.579104477612,0.7578125,0.295648075412
684,DES_SN155581,0.849212303076,0.576119402985,0.765873015873,0.300516337233
685,DES_SN773724,0.843210802701,0.561194029851,0.752,0.282097533722
686,DES_SN217395,0.841710427607,0.55223880597,0.752032520325,0.277620051914
687,DES_SN238278,0.843960990248,0.570149253731,0.749019607843,0.284330306691
688,DES_SN219693,0.844711177794,0.564179104478,0.756,0.286639383727
689,DES_SN052761,0.844711177794,0.570149253731,0.751968503937,0.286575019639
690,DES_SN326992,0.85071267817,0.582089552239,0.767716535433,0.305127587867
691,DES_SN174827,0.843960990248,0.561194029851,0.755020080321,0.284378645854
692,DES_SN354208,0.848462115529,0.576119402985,0.762845849802,0.298099315754
693,DES_SN066874,0.846211552888,0.579104477612,0.751937984496,0.291052509473
694,DES_SN314978,0.843960990248,0.564179104478,0.752988047809,0.284346268657
695,DES_SN822239,0.844711177794,0.564179104478,0.756,0.286639383727
696,DES_SN894918,0.843960990248,0.576119402985,0.745173745174,0.284376073596
697,DES_SN015841,0.845461365341,0.570149253731,0.754940711462,0.288855457461
698,DES_SN225418,0.843960990248,0.564179104478,0.752988047809,0.284346268657
699,DES_SN658318,0.846961740435,0.567164179104,0.763052208835,0.293627231689
700,DES_SN001253,0.844711177794,0.555223880597,0.762295081967,0.286865671642
701,DES_SN354712,0.844711177794,0.564179104478,0.756,0.286639383727
702,DES_SN519652,0.846211552888,0.567164179104,0.76,0.291246470351
703,DES_SN268458,0.845461365341,0.570149253731,0.754940711462,0.288855457461
704,DES_SN430893,0.843960990248,0.561194029851,0.755020080321,0.284378645854
705,DES_SN175305,0.844711177794,0.567164179104,0.753968253968,0.286598920292
706,DES_SN104762,0.843210802701,0.555223880597,0.756097560976,0.282162955713
707,DES_SN855842,0.844711177794,0.570149253731,0.751968503937,0.286575019639
708,DES_SN737624,0.844711177794,0.561194029851,0.758064516129,0.286696950032
709,DES_SN167319,0.843960990248,0.561194029851,0.755020080321,0.284378645854
710,DES_SN814757,0.846961740435,0.567164179104,0.763052208835,0.293627231689
711,DES_SN685519,0.846961740435,0.573134328358,0.758893280632,0.293444776119
712,DES_SN235288,0.844711177794,0.561194029851,0.758064516129,0.286696950032
713,DES_SN254685,0.848462115529,0.582089552239,0.758754863813,0.297919849571
714,DES_SN582228,0.846961740435,0.573134328358,0.758893280632,0.293444776119
715,DES_SN467056,0.842460615154,0.558208955224,0.751004016064,0.279852746989
716,DES_SN209036,0.841710427607,0.567164179104,0.7421875,0.277735036159
717,DES_SN303472,0.847711927982,0.576119402985,0.759842519685,0.295720863766
718,DES_SN446390,0.846961740435,0.588059701493,0.749049429658,0.293285471377
719,DES_SN069854,0.844711177794,0.570149253731,0.751968503937,0.286575019639
720,DES_SN395623,0.846961740435,0.573134328358,0.758893280632,0.293444776119
721,DES_SN359558,0.845461365341,0.567164179104,0.756972111554,0.288904005442
722,DES_SN338717,0.844711177794,0.570149253731,0.751968503937,0.286575019639
723,DES_SN819595,0.848462115529,0.582089552239,0.758754863813,0.297919849571
724,DES_SN134888,0.847711927982,0.588059701493,0.751908396947,0.295530003046
725,DES_SN387647,0.846211552888,0.579104477612,0.751937984496,0.291052509473
726,DES_SN481080,0.846211552888,0.570149253731,0.757936507937,0.291172479847
727,DES_SN473717,0.846961740435,0.576119402985,0.756862745098,0.293380065372
728,DES_SN248123,0.843210802701,0.564179104478,0.75,0.282089552239
729,DES_SN367855,0.848462115529,0.576119402985,0.762845849802,0.298099315754
730,DES_SN662537,0.843210802701,0.558208955224,0.754032258065,0.282121823316
731,DES_SN122975,0.846211552888,0.570149253731,0.757936507937,0.291172479847
732,DES_SN558148,0.844711177794,0.564179104478,0.756,0.286639383727
733,DES_SN163792,0.843210802701,0.561194029851,0.752,0.282097533722
734,DES_SN472378,0.845461365341,0.570149253731,0.754940711462,0.288855457461
735,DES_SN856415,0.846961740435,0.570149253731,0.760956175299,0.293526974293
736,DES_SN307171,0.848462115529,0.582089552239,0.758754863813,0.297919849571
737,DES_SN563200,0.844711177794,0.564179104478,0.756,0.286639383727
738,DES_SN605135,0.847711927982,0.561194029851,0.770491803279,0.296360892168
739,DES_SN516165,0.84096024006,0.55223880597,0.748987854251,0.275375145834
740,DES_SN159130,0.843210802701,0.558208955224,0.754032258065,0.282121823316
741,DES_SN595259,0.842460615154,0.55223880597,0.755102040816,0.27990186056
742,DES_SN406556,0.843960990248,0.561194029851,0.755020080321,0.284378645854
743,DES_SN868350,0.838709677419,0.54328358209,0.745901639344,0.268689162881
744,DES_SN273829,0.843210802701,0.558208955224,0.754032258065,0.282121823316
745,DES_SN544324,0.845461365341,0.564179104478,0.759036144578,0.28896978522
746,DES_SN066872,0.842460615154,0.555223880597,0.753036437247,0.279868947943
747,DES_SN262606,0.842460615154,0.555223880597,0.753036437247,0.279868947943
748,DES_SN608351,0.844711177794,0.567164179104,0.753968253968,0.286598920292
749,DES_SN370921,0.848462115529,0.567164179104,0.769230769231,0.298507462687
750,DES_SN516777,0.846961740435,0.567164179104,0.763052208835,0.293627231689
751,DES_SN501669,0.851462865716,0.579104477612,0.772908366534,0.30779799632
752,DES_SN552837,0.844711177794,0.561194029851,0.758064516129,0.286696950032
753,DES_SN463559,0.843960990248,0.558208955224,0.757085020243,0.284427996258
754,DES_SN297646,0.843210802701,0.549253731343,0.760330578512,0.282298007171
755,DES_SN607820,0.842460615154,0.561194029851,0.749003984064,0.279852725761
756,DES_SN416814,0.843960990248,0.555223880597,0.759183673469,0.284494880967
757,DES_SN738906,0.849962490623,0.570149253731,0.773279352227,0.303338460899
758,DES_SN098970,0.844711177794,0.549253731343,0.766666666667,0.28710990502
759,DES_SN313876,0.845461365341,0.558208955224,0.763265306122,0.289155331376
760,DES_SN006461,0.844711177794,0.561194029851,0.758064516129,0.286696950032
761,DES_SN158896,0.846961740435,0.567164179104,0.763052208835,0.293627231689
762,DES_SN367622,0.846961740435,0.570149253731,0.760956175299,0.293526974293
763,DES_SN541752,0.845461365341,0.564179104478,0.759036144578,0.28896978522
764,DES_SN096034,0.841710427607,0.564179104478,0.744094488189,0.277681902985
765,DES_SN419142,0.84096024006,0.555223880597,0.746987951807,0.275391044776
766,DES_SN286765,0.848462115529,0.570149253731,0.767068273092,0.29835207524
767,DES_SN691980,0.848462115529,0.582089552239,0.758754863813,0.297919849571
768,DES_SN157764,0.845461365341,0.570149253731,0.754940711462,0.288855457461
769,DES_SN690104,0.846211552888,0.558208955224,0.766393442623,0.291578420745
770,DES_SN703729,0.845461365341,0.567164179104,0.756972111554,0.288904005442
771,DES_SN832208,0.846211552888,0.570149253731,0.757936507937,0.291172479847
772,DES_SN404202,0.849212303076,0.582089552239,0.76171875,0.300284292822
773,DES_SN221699,0.85071267817,0.582089552239,0.767716535433,0.305127587867
774,DES_SN624873,0.848462115529,0.570149253731,0.767068273092,0.29835207524
775,DES_SN803294,0.846211552888,0.570149253731,0.757936507937,0.291172479847
776,DES_SN822882,0.848462115529,0.576119402985,0.762845849802,0.298099315754
777,DES_SN642871,0.852213053263,0.588059701493,0.76953125,0.309753372177
778,DES_SN699849,0.847711927982,0.576119402985,0.759842519685,0.295720863766
779,DES_SN439893,0.845461365341,0.579104477612,0.749034749035,0.288807888578
780,DES_SN859710,0.842460615154,0.567164179104,0.745098039216,0.279899205272
781,DES_SN536381,0.849212303076,0.579104477612,0.763779527559,0.300391092665
782,DES_SN067010,0.849212303076,0.582089552239,0.76171875,0.300284292822
783,DES_SN521176,0.849212303076,0.573134328358,0.768,0.30066063127
784,DES_SN278415,0.85071267817,0.576119402985,0.772,0.305469903231
785,DES_SN258099,0.846211552888,0.570149253731,0.757936507937,0.291172479847
786,DES_SN560067,0.846961740435,0.561194029851,0.767346938776,0.293884338752
787,DES_SN890508,0.847711927982,0.567164179104,0.766129032258,0.296047236346
788,DES_SN554750,0.85071267817,0.570149253731,0.776422764228,0.305894683884
789,DES_SN583496,0.849962490623,0.579104477612,0.766798418972,0.30282013115
790,DES_SN098639,0.846211552888,0.567164179104,0.76,0.291246470351
791,DES_SN050199,0.85071267817,0.573134328358,0.774193548387,0.305671641791
792,DES_SN884877,0.848462115529,0.567164179104,0.769230769231,0.298507462687
793,DES_SN501398,0.847711927982,0.567164179104,0.766129032258,0.296047236346
794,DES_SN577695,0.85071267817,0.594029850746,0.759541984733,0.304669949223
795,DES_SN652428,0.849962490623,0.585074626866,0.762645914397,0.302571574843
796,DES_SN009881,0.845461365341,0.558208955224,0.763265306122,0.289155331376
797,DES_SN238448,0.85071267817,0.576119402985,0.772,0.305469903231
798,DES_SN868742,0.846961740435,0.564179104478,0.765182186235,0.293746145307
799,DES_SN208886,0.849962490623,0.585074626866,0.762645914397,0.302571574843
800,DES_SN582059,0.846961740435,0.561194029851,0.767346938776,0.293884338752
801,DES_SN028401,0.85296324081,0.585074626866,0.774703557312,0.31246492334
802,DES_SN239846,0.85296324081,0.582089552239,0.776892430279,0.312692734674
803,DES_SN775425,0.849212303076,0.576119402985,0.765873015873,0.300516337233
804,DES_SN796954,0.85296324081,0.588059701493,0.772549019608,0.312258116426
805,DES_SN866369,0.846211552888,0.567164179104,0.76,0.291246470351
806,DES_SN648403,0.847711927982,0.564179104478,0.768292682927,0.296194029851
807,DES_SN300271,0.851462865716,0.576119402985,0.775100401606,0.308008434283
808,DES_SN007807,0.846961740435,0.564179104478,0.765182186235,0.293746145307
809,DES_SN836299,0.849962490623,0.579104477612,0.766798418972,0.30282013115
810,DES_SN342607,0.849212303076,0.576119402985,0.765873015873,0.300516337233
811,DES_SN896463,0.85296324081,0.588059701493,0.772549019608,0.312258116426
812,DES_SN224676,0.85071267817,0.576119402985,0.772,0.305469903231
813,DES_SN360963,0.848462115529,0.570149253731,0.767068273092,0.29835207524
814,DES_SN892140,0.849212303076,0.579104477612,0.763779527559,0.300391092665
815,DES_SN418724,0.849962490623,0.573134328358,0.771084337349,0.303145429875
816,DES_SN869346,0.85071267817,0.579104477612,0.769841269841,0.305288773524
817,DES_SN257568,0.851462865716,0.576119402985,0.775100401606,0.308008434283
818,DES_SN076479,0.844711177794,0.558208955224,0.760162601626,0.286772183041
819,DES_SN170969,0.849212303076,0.582089552239,0.76171875,0.300284292822
820,DES_SN246925,0.846961740435,0.576119402985,0.756862745098,0.293380065372
821,DES_SN670423,0.85071267817,0.591044776119,0.761538461538,0.304757462687
822,DES_SN042279,0.847711927982,0.570149253731,0.764,0.295919857236
823,DES_SN032061,0.851462865716,0.579104477612,0.772908366534,0.30779799632
824,DES_SN436294,0.852213053263,0.585074626866,0.771653543307,0.309931423961
825,DES_SN884375,0.851462865716,0.576119402985,0.775100401606,0.308008434283
826,DES_SN507372,0.848462115529,0.573134328358,0.764940239044,0.298216235894
827,DES_SN597580,0.851462865716,0.582089552239,0.770750988142,0.307608299964
828,DES_SN100625,0.847711927982,0.570149253731,0.764,0.295919857236
829,DES_SN184194,0.846211552888,0.570149253731,0.757936507937,0.291172479847
830,DES_SN002896,0.846961740435,0.570149253731,0.760956175299,0.293526974293
831,DES_SN703475,0.849212303076,0.582089552239,0.76171875,0.300284292822
832,DES_SN630841,0.849962490623,0.585074626866,0.762645914397,0.302571574843
833,DES_SN281646,0.854463615904,0.591044776119,0.776470588235,0.31714597743
834,DES_SN094824,0.849962490623,0.585074626866,0.762645914397,0.302571574843
835,DES_SN530952,0.853713428357,0.588059701493,0.775590551181,0.314803698897
836,DES_SN775424,0.848462115529,0.570149253731,0.767068273092,0.29835207524
837,DES_SN588715,0.85071267817,0.579104477612,0.769841269841,0.305288773524
838,DES_SN177622,0.848462115529,0.573134328358,0.764940239044,0.298216235894
839,DES_SN093168,0.85071267817,0.585074626866,0.765625,0.304985709749
840,DES_SN616402,0.848462115529,0.576119402985,0.762845849802,0.298099315754
841,DES_SN401966,0.846961740435,0.567164179104,0.763052208835,0.293627231689
842,DES_SN251264,0.849962490623,0.576119402985,0.768924302789,0.302972874049
843,DES_SN064604,0.847711927982,0.567164179104,0.766129032258,0.296047236346
844,DES_SN238857,0.85071267817,0.579104477612,0.769841269841,0.305288773524
845,DES_SN212098,0.85071267817,0.579104477612,0.769841269841,0.305288773524
846,DES_SN762989,0.852213053263,0.585074626866,0.771653543307,0.309931423961
847,DES_SN319509,0.85071267817,0.582089552239,0.767716535433,0.305127587867
848,DES_SN704717,0.851462865716,0.582089552239,0.770750988142,0.307608299964
849,DES_SN802353,0.846961740435,0.570149253731,0.760956175299,0.293526974293
850,DES_SN278946,0.851462865716,0.588059701493,0.766536964981,0.307288491231
851,DES_SN504522,0.851462865716,0.585074626866,0.76862745098,0.307438677924
852,DES_SN505289,0.85296324081,0.597014925373,0.766283524904,0.311757141187
853,DES_SN497604,0.851462865716,0.594029850746,0.76245210728,0.307044000775
854,DES_SN555623,0.849962490623,0.585074626866,0.762645914397,0.302571574843
855,DES_SN782034,0.854463615904,0.594029850746,0.774319066148,0.316922091953
856,DES_SN443045,0.856714178545,0.605970149254,0.774809160305,0.323715632364
857,DES_SN644310,0.849962490623,0.576119402985,0.768924302789,0.302972874049
858,DES_SN416619,0.85071267817,0.585074626866,0.765625,0.304985709749
859,DES_SN434792,0.847711927982,0.573134328358,0.761904761905,0.295811266249
860,DES_SN819191,0.852213053263,0.591044776119,0.767441860465,0.309594882729
861,DES_SN221214,0.849212303076,0.576119402985,0.765873015873,0.300516337233
862,DES_SN319632,0.851462865716,0.585074626866,0.76862745098,0.307438677924
863,DES_SN617539,0.85071267817,0.585074626866,0.765625,0.304985709749
864,DES_SN338364,0.848462115529,0.576119402985,0.762845849802,0.298099315754
865,DES_SN149574,0.852213053263,0.597014925373,0.763358778626,0.309334158224
866,DES_SN443488,0.85296324081,0.588059701493,0.772549019608,0.312258116426
867,DES_SN295269,0.851462865716,0.579104477612,0.772908366534,0.30779799632
868,DES_SN648810,0.851462865716,0.588059701493,0.766536964981,0.307288491231
869,DES_SN630846,0.856714178545,0.602985074627,0.776923076923,0.323944109241
870,DES_SN342112,0.853713428357,0.591044776119,0.7734375,0.31458834858
871,DES_SN151357,0.85071267817,0.585074626866,0.765625,0.304985709749
872,DES_SN393026,0.85071267817,0.579104477612,0.769841269841,0.305288773524
873,DES_SN695819,0.849212303076,0.576119402985,0.765873015873,0.300516337233
874,DES_SN051287,0.854463615904,0.597014925373,0.772200772201,0.316718793301
875,DES_SN062211,0.853713428357,0.591044776119,0.7734375,0.31458834858
876,DES_SN360938,0.85296324081,0.588059701493,0.772549019608,0.312258116426
877,DES_SN134361,0.855213803451,0.591044776119,0.779527559055,0.319745534622
878,DES_SN877978,0.851462865716,0.591044776119,0.764478764479,0.307157127747
879,DES_SN171028,0.851462865716,0.573134328358,0.777327935223,0.30824031105
880,DES_SN728388,0.851462865716,0.588059701493,0.766536964981,0.307288491231
881,DES_SN613405,0.855213803451,0.597014925373,0.77519379845,0.319259318381
882,DES_SN288539,0.85296324081,0.594029850746,0.76833976834,0.311904855669
883,DES_SN252921,0.85071267817,0.591044776119,0.761538461538,0.304757462687
884,DES_SN155276,0.847711927982,0.576119402985,0.759842519685,0.295720863766
885,DES_SN860785,0.853713428357,0.6,0.767175572519,0.3140625
886,DES_SN116637,0.851462865716,0.588059701493,0.766536964981,0.307288491231
887,DES_SN117634,0.852213053263,0.585074626866,0.771653543307,0.309931423961
888,DES_SN335565,0.85071267817,0.588059701493,0.763565891473,0.304862529458
889,DES_SN755876,0.846961740435,0.570149253731,0.760956175299,0.293526974293
890,DES_SN030989,0.849962490623,0.588059701493,0.760617760618,0.302474572308
891,DES_SN493520,0.85071267817,0.582089552239,0.767716535433,0.305127587867
892,DES_SN792823,0.849962490623,0.582089552239,0.764705882353,0.302686567164
893,DES_SN652910,0.85296324081,0.591044776119,0.770428015564,0.312071641791
894,DES_SN715463,0.849212303076,0.588059701493,0.757692307692,0.300123733663
895,DES_SN552354,0.853713428357,0.594029850746,0.771317829457,0.314393458241
896,DES_SN459579,0.85071267817,0.576119402985,0.772,0.305469903231
897,DES_SN560517,0.851462865716,0.582089552239,0.770750988142,0.307608299964
898,DES_SN111785,0.851462865716,0.582089552239,0.770750988142,0.307608299964
899,DES_SN538354,0.848462115529,0.576119402985,0.762845849802,0.298099315754
900,DES_SN714600,0.848462115529,0.579104477612,0.760784313725,0.298000712617
901,DES_SN129367,0.847711927982,0.573134328358,0.761904761905,0.295811266249
902,DES_SN231858,0.849962490623,0.582089552239,0.764705882353,0.302686567164
903,DES_SN183879,0.846961740435,0.576119402985,0.756862745098,0.293380065372
904,DES_SN704623,0.852213053263,0.585074626866,0.771653543307,0.309931423961
905,DES_SN614842,0.846211552888,0.576119402985,0.75390625,0.291076033445
906,DES_SN078788,0.852213053263,0.585074626866,0.771653543307,0.309931423961
907,DES_SN649459,0.85071267817,0.582089552239,0.767716535433,0.305127587867
908,DES_SN255640,0.851462865716,0.585074626866,0.76862745098,0.307438677924
909,DES_SN727999,0.846961740435,0.579104477612,0.75486381323,0.293332294143
910,DES_SN286747,0.851462865716,0.579104477612,0.772908366534,0.30779799632
911,DES_SN663100,0.848462115529,0.576119402985,0.762845849802,0.298099315754
912,DES_SN422243,0.85071267817,0.579104477612,0.769841269841,0.305288773524
913,DES_SN147064,0.843210802701,0.561194029851,0.752,0.282097533722
914,DES_SN881544,0.847711927982,0.570149253731,0.764,0.295919857236
915,DES_SN444362,0.851462865716,0.585074626866,0.76862745098,0.307438677924
916,DES_SN745653,0.849212303076,0.579104477612,0.763779527559,0.300391092665
917,DES_SN243752,0.848462115529,0.576119402985,0.762845849802,0.298099315754
918,DES_SN711502,0.853713428357,0.597014925373,0.769230769231,0.314218381775
919,DES_SN170784,0.849962490623,0.576119402985,0.768924302789,0.302972874049
920,DES_SN534712,0.85071267817,0.579104477612,0.769841269841,0.305288773524
921,DES_SN657764,0.849962490623,0.576119402985,0.768924302789,0.302972874049
922,DES_SN717505,0.85071267817,0.582089552239,0.767716535433,0.305127587867
923,DES_SN563222,0.849212303076,0.582089552239,0.76171875,0.300284292822
924,DES_SN340741,0.844711177794,0.564179104478,0.756,0.286639383727
925,DES_SN008672,0.849212303076,0.576119402985,0.765873015873,0.300516337233
926,DES_SN309380,0.847711927982,0.576119402985,0.759842519685,0.295720863766
927,DES_SN418218,0.852213053263,0.582089552239,0.77380952381,0.310129679471
928,DES_SN402982,0.847711927982,0.573134328358,0.761904761905,0.295811266249
929,DES_SN702773,0.848462115529,0.573134328358,0.764940239044,0.298216235894
930,DES_SN446689,0.849212303076,0.570149253731,0.770161290323,0.300824606251
931,DES_SN130503,0.855963990998,0.597014925373,0.778210116732,0.32184093012
932,DES_SN614689,0.849212303076,0.579104477612,0.763779527559,0.300391092665
933,DES_SN056537,0.844711177794,0.567164179104,0.753968253968,0.286598920292
934,DES_SN337489,0.849212303076,0.579104477612,0.763779527559,0.300391092665
935,DES_SN266551,0.85071267817,0.573134328358,0.774193548387,0.305671641791
936,DES_SN631606,0.849962490623,0.576119402985,0.768924302789,0.302972874049
937,DES_SN199146,0.848462115529,0.570149253731,0.767068273092,0.29835207524
938,DES_SN760699,0.849212303076,0.570149253731,0.770161290323,0.300824606251
939,DES_SN797934,0.848462115529,0.573134328358,0.764940239044,0.298216235894
940,DES_SN777551,0.848462115529,0.582089552239,0.758754863813,0.297919849571
941,DES_SN631065,0.846961740435,0.564179104478,0.765182186235,0.293746145307
942,DES_SN615912,0.848462115529,0.576119402985,0.762845849802,0.298099315754
943,DES_SN131819,0.846961740435,0.570149253731,0.760956175299,0.293526974293
944,DES_SN004885,0.849962490623,0.570149253731,0.773279352227,0.303338460899
945,DES_SN219082,0.849212303076,0.579104477612,0.763779527559,0.300391092665
946,DES_SN084882,0.848462115529,0.573134328358,0.764940239044,0.298216235894
947,DES_SN052979,0.847711927982,0.561194029851,0.770491803279,0.296360892168
948,DES_SN726043,0.844711177794,0.558208955224,0.760162601626,0.286772183041
949,DES_SN581976,0.851462865716,0.576119402985,0.775100401606,0.308008434283
950,DES_SN069315,0.849962490623,0.579104477612,0.766798418972,0.30282013115
951,DES_SN020504,0.851462865716,0.576119402985,0.775100401606,0.308008434283
952,DES_SN765932,0.85071267817,0.585074626866,0.765625,0.304985709749
953,DES_SN268370,0.855963990998,0.597014925373,0.778210116732,0.32184093012
954,DES_SN194402,0.85071267817,0.582089552239,0.767716535433,0.305127587867
955,DES_SN612339,0.849212303076,0.576119402985,0.765873015873,0.300516337233
956,DES_SN526422,0.848462115529,0.573134328358,0.764940239044,0.298216235894
957,DES_SN713550,0.849962490623,0.582089552239,0.764705882353,0.302686567164
958,DES_SN510968,0.849962490623,0.579104477612,0.766798418972,0.30282013115
959,DES_SN177887,0.846961740435,0.570149253731,0.760956175299,0.293526974293
960,DES_SN429054,0.85071267817,0.585074626866,0.765625,0.304985709749
961,DES_SN789115,0.85071267817,0.585074626866,0.765625,0.304985709749
962,DES_SN047715,0.852213053263,0.591044776119,0.767441860465,0.309594882729
963,DES_SN134724,0.849212303076,0.582089552239,0.76171875,0.300284292822
964,DES_SN806935,0.849962490623,0.579104477612,0.766798418972,0.30282013115
965,DES_SN055196,0.852213053263,0.585074626866,0.771653543307,0.309931423961
966,DES_SN319243,0.852213053263,0.585074626866,0.771653543307,0.309931423961
967,DES_SN284176,0.851462865716,0.582089552239,0.770750988142,0.307608299964
968,DES_SN327321,0.85296324081,0.591044776119,0.770428015564,0.312071641791
969,DES_SN276986,0.847711927982,0.576119402985,0.759842519685,0.295720863766
970,DES_SN789716,0.849962490623,0.582089552239,0.764705882353,0.302686567164
971,DES_SN820094,0.849212303076,0.582089552239,0.76171875,0.300284292822
972,DES_SN821762,0.847711927982,0.573134328358,0.761904761905,0.295811266249
973,DES_SN718165,0.846961740435,0.576119402985,0.756862745098,0.293380065372
974,DES_SN619164,0.849212303076,0.579104477612,0.763779527559,0.300391092665
975,DES_SN795405,0.85296324081,0.588059701493,0.772549019608,0.312258116426
976,DES_SN374643,0.85071267817,0.585074626866,0.765625,0.304985709749
977,DES_SN794263,0.849212303076,0.576119402985,0.765873015873,0.300516337233
978,DES_SN617295,0.845461365341,0.567164179104,0.756972111554,0.288904005442
979,DES_SN534088,0.852213053263,0.588059701493,0.76953125,0.309753372177
980,DES_SN783511,0.849212303076,0.570149253731,0.770161290323,0.300824606251
981,DES_SN512871,0.849962490623,0.573134328358,0.771084337349,0.303145429875
982,DES_SN588292,0.85296324081,0.582089552239,0.776892430279,0.312692734674
983,DES_SN225652,0.849212303076,0.579104477612,0.763779527559,0.300391092665
984,DES_SN378293,0.849962490623,0.582089552239,0.764705882353,0.302686567164
985,DES_SN661872,0.848462115529,0.579104477612,0.760784313725,0.298000712617
986,DES_SN231048,0.848462115529,0.573134328358,0.764940239044,0.298216235894
987,DES_SN425394,0.847711927982,0.570149253731,0.764,0.295919857236
988,DES_SN289710,0.848462115529,0.570149253731,0.767068273092,0.29835207524
989,DES_SN451941,0.852213053263,0.582089552239,0.77380952381,0.310129679471
990,DES_SN516744,0.853713428357,0.588059701493,0.775590551181,0.314803698897
991,DES_SN498144,0.847711927982,0.570149253731,0.764,0.295919857236
992,DES_SN668605,0.85296324081,0.582089552239,0.776892430279,0.312692734674
993,DES_SN726002,0.852213053263,0.582089552239,0.77380952381,0.310129679471
994,DES_SN253530,0.846961740435,0.573134328358,0.758893280632,0.293444776119
995,DES_SN532981,0.85296324081,0.585074626866,0.774703557312,0.31246492334
996,DES_SN336894,0.847711927982,0.573134328358,0.761904761905,0.295811266249
997,DES_SN140030,0.853713428357,0.585074626866,0.777777777778,0.315040183697
998,DES_SN736574,0.85071267817,0.573134328358,0.774193548387,0.305671641791
999,DES_SN260511,0.851462865716,0.585074626866,0.76862745098,0.307438677924
1000,DES_SN260117,0.85071267817,0.579104477612,0.769841269841,0.305288773524
