nqueries,snid,sntype,z,g_pkmag,r_pkmag,i_pkmag,z_pkmag,g_SNR,r_SNR,i_SNR,z_SNR,qclass
1,601874,Ibc,0.355,24.96,24.07,23.53,23.49,0.972333333333,4.53333333333,5.489,6.73655172414,18
2,17604,Ia,0.8936,27.81,24.9,23.98,23.93,0.202424242424,1.0578125,1.67933333333,1.86857142857,0
3,117243,II,0.6743,25.89,24.57,25.01,24.76,0.3678125,1.96,1.2721875,1.25451612903,26
4,523786,II,0.4576,23.41,23.6,23.49,23.52,3.713,6.657,4.775,4.09444444444,21
5,745653,II,1.0674,99.05,25.92,25.6,25.89,-0.2875,3.22875,3.48625,2.66875,17
6,670956,II,0.9149,99.0,25.41,25.4,25.55,0.183076923077,2.3128,2.25565217391,1.59523809524,17
7,315612,II,1.0813,26.41,24.24,24.37,24.53,0.174285714286,4.14178571429,4.26035714286,4.66964285714,30
8,534959,II,0.707,27.32,28.59,29.9,30.41,0.749047619048,1.36095238095,0.627142857143,0.7695,31
9,418929,Ibc,0.4708,25.28,24.0,24.07,23.82,0.424482758621,2.18392857143,1.015,2.5332,29
10,223513,Ibc,0.3418,25.94,24.84,24.16,23.88,0.0516666666667,0.699565217391,0.886818181818,1.90181818182,28
11,374530,II,0.8023,25.91,25.04,25.43,25.48,0.706296296296,1.13518518519,0.635925925926,0.876923076923,44
12,60897,II,0.5629,24.08,23.98,23.98,24.18,2.58583333333,4.72583333333,3.785,1.88454545455,21
13,99228,II,0.7865,25.72,24.42,24.53,24.33,0.721666666667,2.01916666667,0.8175,1.03916666667,42
14,588715,Ia,0.5885,24.95,23.43,23.25,23.13,1.2875,4.23,2.85714285714,3.42857142857,0
15,603327,Ia,0.086,18.75,18.79,19.26,19.32,37.3264,43.9191666667,42.2131818182,43.2695,0
16,43378,II,0.7931,98.93,24.69,24.64,24.82,0.636666666667,1.35333333333,1.51083333333,0.732727272727,24
17,562680,II,0.9139,98.94,24.65,24.71,24.77,0.316315789474,1.92052631579,1.43918918919,1.11305555556,27
18,525709,II,0.9536,25.61,23.76,24.31,24.04,1.00785714286,6.88428571429,3.60428571429,3.41,30
19,79151,Ia,0.9542,28.43,25.11,24.08,24.08,0.343076923077,1.25153846154,2.40076923077,1.79230769231,0
20,440567,II,0.8146,25.86,24.47,24.88,24.73,0.537317073171,2.48682926829,1.40925,1.65128205128,21
21,338717,II,0.962,27.17,25.14,24.83,24.97,0.214210526316,2.17421052632,1.46405405405,1.57916666667,42
22,182151,II,0.8851,98.99,25.65,25.39,25.4,0.295,1.49111111111,1.51294117647,1.49125,36
23,897318,II,1.0117,98.93,25.76,25.57,25.63,-0.0638709677419,3.51806451613,3.9964516129,2.87612903226,17
24,365172,II,0.8689,26.5,24.47,24.66,24.66,-0.235,3.124375,2.5475,1.87733333333,27
25,544858,Ibc,0.7949,99.0,25.11,24.05,23.83,0.405454545455,1.51727272727,2.79909090909,2.89454545455,8
26,530863,II,0.6988,25.26,24.19,24.27,24.14,0.496451612903,1.81,1.92607142857,2.67928571429,42
27,630846,Ibc,0.7781,98.98,25.76,25.35,25.33,0.0779310344828,0.771379310345,0.653571428571,0.723703703704,16
28,223208,Ia,1.0043,55.69,25.51,24.34,24.27,0.571176470588,1.06823529412,1.40705882353,2.103125,0
29,866241,II,1.0005,99.03,25.19,24.99,25.36,0.00585365853659,1.44731707317,1.53875,1.21179487179,21
30,402743,Ia,0.7803,26.05,24.08,23.52,23.71,-0.025,2.3125,2.59777777778,1.4725,0
31,369311,Ibc,0.1559,21.86,21.56,21.39,21.41,3.66058823529,12.1466666667,12.5864285714,12.895,23
32,364033,II,1.0861,24.47,24.01,23.87,23.99,2.01545454545,3.87,2.95727272727,2.13,2
33,5980,II,0.9826,27.3,25.17,24.92,25.01,0.07,1.886875,1.86125,1.87866666667,42
34,644982,Ia,0.8221,26.56,24.38,23.7,23.83,0.311538461538,0.4028,0.682916666667,1.29791666667,0
35,571946,Ibc,0.417,23.93,22.58,21.94,21.82,2.763125,11.2634375,13.8448387097,19.681,8
36,15216,II,0.7568,99.04,25.99,25.46,25.46,0.236585365854,1.04609756098,1.21775,1.43615384615,35
37,175977,II,0.906,98.99,24.83,24.99,25.34,0.0163333333333,2.46233333333,1.93233333333,1.61766666667,20
38,848367,II,0.3768,23.62,24.0,23.9,23.85,1.005,3.94523809524,2.76,3.61823529412,44
39,546477,Ibc,0.496,24.76,22.92,22.58,22.32,1.01434782609,6.52590909091,6.44772727273,9.04727272727,8
40,261248,II,0.7796,25.73,24.16,24.52,24.35,0.585161290323,2.8664516129,2.12161290323,3.58032258065,27
41,275563,Ibc,0.501,27.73,25.93,25.37,24.93,-0.368387096774,0.66935483871,0.731935483871,1.76133333333,28
42,298283,Ia,1.0996,55.61,25.67,24.45,24.06,0.125,0.4034375,0.425161290323,1.378,0
43,138790,II,0.6978,25.37,24.19,24.71,24.6,0.8,3.9875,1.87666666667,1.34454545455,20
44,498066,II,0.367,26.26,24.88,24.75,24.46,-0.628571428571,1.55428571429,1.58428571429,2.08714285714,4
45,614680,II,0.7291,98.91,24.99,25.03,25.06,0.0692,0.707083333333,0.96375,1.45,38
46,75715,II,0.5942,25.65,24.28,24.46,24.49,0.135652173913,1.91727272727,2.01227272727,1.87045454545,32
47,516165,Ibc,0.3775,25.64,24.58,24.05,24.1,1.06090909091,1.99484848485,2.3978125,2.49096774194,45
48,525116,Ia,1.0728,98.45,24.89,23.6,23.52,-0.0435714285714,0.871538461538,1.2616,1.5044,0
49,388705,II,0.419,24.19,23.75,23.91,23.7,0.231363636364,4.81136363636,5.00545454545,5.09636363636,38
50,823980,II,0.4702,24.63,24.26,24.66,24.53,0.74,1.02148148148,1.34923076923,1.55615384615,25
51,701680,Ia,0.9412,39.5,25.36,24.29,24.24,-0.305357142857,0.561428571429,1.23862068966,1.31857142857,0
52,424441,Ia,0.7976,26.78,24.48,23.67,23.83,0.140625,1.80838709677,2.16517241379,1.86925925926,0
53,285180,Ia,0.8523,27.6,24.65,23.7,23.86,-0.155,0.985,1.59444444444,0.62125,0
54,18879,Ia,0.689,26.48,24.34,24.01,23.89,0.5975,0.82,1.09454545455,1.13090909091,0
55,442019,II,0.722,26.7,24.91,24.88,24.92,0.476060606061,1.81333333333,1.815625,2.43451612903,32
56,679352,II,0.4872,23.87,23.82,23.88,24.01,2.30966666667,3.22035714286,1.94333333333,2.4662962963,2
57,565186,Ia,0.9983,55.33,25.59,24.37,24.28,-0.0553846153846,0.25,1.11538461538,0.483571428571,0
58,654251,Ia,0.6579,26.18,24.06,23.74,23.57,-0.0811111111111,0.8676,1.56083333333,2.12375,0
59,394747,II,0.6545,26.11,24.61,24.73,24.64,0.4675,0.928928571429,1.61888888889,2.65703703704,32
60,801554,Ibc,0.6512,27.93,25.63,25.25,24.8,0.164193548387,0.599032258065,0.898064516129,1.86838709677,7
61,704342,II,0.7753,25.66,24.24,24.49,24.29,0.125357142857,1.48892857143,1.53035714286,3.02107142857,27
62,381202,Ibc,0.4543,25.08,23.8,23.89,23.58,0.975172413793,3.16428571429,2.33384615385,3.48,29
63,544978,II,0.7821,25.7,24.27,24.49,24.32,0.522121212121,2.63848484848,1.8253125,2.26258064516,27
64,348957,II,0.419,25.98,24.5,24.23,23.84,-1.7080354225e-17,1.078,0.748695652174,1.47142857143,4
65,164151,Ibc,1.054,98.99,26.74,24.99,24.51,-0.129756097561,0.437317073171,1.67225,2.54666666667,8
66,565858,II,0.8633,99.02,25.36,25.35,25.35,0.289310344828,3.37321428571,1.98615384615,1.96333333333,17
67,507162,Ia,0.2741,21.59,21.28,21.3,21.85,12.4516666667,17.8466666667,16.14,7.564,0
68,558998,Ia,1.0747,55.9,25.95,24.65,24.32,-0.2128,0.4492,1.116,0.97875,0
69,326932,II,0.9742,27.31,25.18,24.89,24.97,0.0259459459459,1.03648648649,1.07083333333,2.01542857143,42
70,637847,II,0.6827,25.04,23.87,24.26,24.14,0.285357142857,1.31269230769,1.2156,1.468,27
71,847781,Ia,0.7315,25.47,23.41,23.21,23.35,0.336956521739,2.615,2.41318181818,3.18136363636,0
72,848840,Ibc,0.4042,26.16,24.71,24.2,24.32,0.497272727273,2.50090909091,2.75238095238,2.6285,45
73,422574,II,0.948,25.75,23.93,24.38,24.22,-0.0353846153846,4.42153846154,2.13,2.20923076923,30
74,711676,II,0.4028,25.57,24.21,24.04,23.71,0.872,2.88888888889,1.93555555556,2.14444444444,4
75,724155,Ia,0.6928,26.34,23.89,23.69,23.6,0.00857142857143,2.26,2.34142857143,0.353333333333,0
76,292169,Ia,0.5452,23.85,22.43,22.49,22.55,1.22428571429,3.99,2.52714285714,2.86857142857,0
77,504005,II,0.8018,25.98,25.19,25.41,25.45,1.33555555556,1.9,0.421111111111,0.214444444444,44
78,39141,Ia,0.9924,53.76,25.71,24.39,24.23,0.256,1.206,1.324,0.864444444444,0
79,378293,Ibc,0.4822,24.62,22.89,22.47,22.19,0.828275862069,6.46703703704,6.51192307692,10.4392307692,8
80,743702,II,0.8574,99.04,25.6,25.22,25.41,0.0603333333333,0.751666666667,0.983333333333,1.86533333333,32
81,276986,Ia,0.3954,24.1,22.87,22.74,22.8,0.375862068966,3.89785714286,2.88925925926,4.0156,0
82,24111,II,0.5939,25.21,24.48,24.54,24.79,-0.1275,1.08888888889,1.19538461538,0.775,26
83,673950,Ia,0.7092,26.61,24.41,24.02,23.89,0.389230769231,0.7356,0.682173913043,1.10047619048,0
84,269083,Ibc,0.9244,99.03,25.96,24.36,24.16,-0.0847058823529,1.08294117647,3.259375,3.518,8
85,805571,Ia,0.9855,51.48,25.23,24.12,24.05,0.363181818182,1.67681818182,2.83142857143,3.565,0
86,837103,II,0.5005,25.34,24.9,25.06,25.11,0.451481481481,2.0737037037,1.6362962963,1.30518518519,12
87,479079,II,0.7574,25.52,24.38,24.41,24.26,1.23777777778,2.45111111111,1.29666666667,1.178,42
88,113041,Ibc,0.2992,23.79,23.56,23.18,23.29,1.13291666667,2.26434782609,2.2880952381,2.79789473684,16
89,109168,II,0.5851,25.46,24.74,25.39,25.14,0.4159375,1.520625,1.52419354839,2.11633333333,33
90,445864,Ibc,0.4065,25.1,24.15,23.83,24.8,0.0945454545455,0.949047619048,1.01578947368,1.19117647059,10
91,798280,Ibc,0.3804,24.45,23.85,23.66,23.69,0.785,2.84535714286,3.01892857143,3.70607142857,16
92,536597,Ia,0.8183,25.68,23.99,23.39,23.6,0.356363636364,2.350625,2.97566666667,2.40071428571,0
93,430025,Ibc,0.3237,24.14,22.87,22.37,22.48,1.59875,8.8175,8.60833333333,8.72689655172,22
94,713902,II,0.777,24.4,23.57,23.91,23.69,1.53909090909,4.21545454545,3.04818181818,3.07090909091,30
95,112492,II,0.7668,25.69,25.08,25.37,25.27,0.9644,1.455,0.762916666667,1.32041666667,44
96,635519,Ibc,0.6661,26.52,23.91,23.65,22.97,-0.00296296296296,1.71111111111,2.2037037037,4.80444444444,8
97,777486,Ia,0.7323,26.36,23.79,23.45,23.48,0.0775,2.405,2.865,1.58,0
98,269756,II,0.5754,25.48,24.28,24.53,24.42,0.976071428571,2.60178571429,3.14,3.70142857143,32
99,846126,II,0.8034,98.96,24.65,24.68,24.83,-0.0964705882353,0.579411764706,0.951764705882,0.711764705882,24
100,874133,II,0.7169,28.2,25.83,25.11,24.85,-0.0364864864865,0.787027027027,0.987222222222,1.27514285714,4
101,322939,II,0.328,23.28,23.24,23.16,23.19,5.29333333333,7.54166666667,4.0,2.38166666667,32
102,394383,Ia,0.9143,28.66,25.11,24.09,23.93,0.1409375,1.77757575758,2.98242424242,2.986875,0
103,593240,II,1.0608,24.54,24.18,24.19,24.2,2.57692307692,4.77153846154,3.12384615385,2.60166666667,2
104,511606,II,0.2606,22.06,22.3,22.36,22.81,7.06857142857,11.7016666667,6.94666666667,5.085,21
105,102256,Ia,0.7191,25.59,23.71,23.45,23.33,0.0236363636364,2.57818181818,2.93454545455,2.51363636364,0
106,116836,Ibc,0.5062,26.89,24.79,24.7,24.38,0.313157894737,1.41444444444,0.896111111111,1.59111111111,18
107,26701,Ia,1.0656,98.83,25.56,24.42,24.15,0.0585714285714,0.492857142857,1.35035714286,1.49592592593,0
108,67891,Ia,0.7576,26.62,24.51,23.79,23.82,0.0226666666667,1.06931034483,1.27333333333,1.775,0
109,884223,Ia,0.648,27.57,24.62,24.32,24.02,-0.308235294118,0.694705882353,0.917647058824,1.29058823529,0
110,555178,Ia,0.7768,26.97,24.55,23.78,23.79,0.44625,2.51,2.18222222222,1.29125,0
111,883512,Ibc,0.5021,26.63,24.47,24.47,24.07,0.222962962963,0.806153846154,0.712,1.39304347826,23
112,683712,Ia,0.8983,27.25,24.51,23.64,23.7,0.2525,1.05285714286,0.748571428571,0.877142857143,0
113,770995,II,0.6926,25.0,24.09,24.58,24.4,0.413333333333,1.70653846154,1.1048,1.9932,21
114,797934,Ia,0.2801,21.77,21.4,21.38,21.9,6.75076923077,18.604,15.6439130435,13.7485714286,0
115,757148,Ibc,0.8109,98.96,25.17,23.97,23.75,-0.0244444444444,2.18666666667,2.56888888889,1.465,8
116,457744,Ia,0.9008,27.98,25.5,24.46,24.24,-0.224333333333,0.814,1.98586206897,2.04035714286,0
117,58605,II,0.533,27.02,25.09,24.64,24.64,0.068275862069,0.590689655172,1.02357142857,0.928571428571,4
118,818872,Ia,0.8324,27.87,24.9,23.84,24.09,0.202727272727,1.37272727273,1.81090909091,1.41454545455,0
119,513024,II,0.2595,24.81,23.96,23.83,23.98,0.0709523809524,0.975714285714,1.52047619048,1.74761904762,4
120,285581,Ia,1.0048,55.68,25.46,24.28,24.24,-0.407575757576,0.443636363636,1.52625,1.65096774194,0
121,515692,Ibc,0.5143,98.99,24.37,23.66,23.43,-0.176875,1.98428571429,2.22769230769,3.22785714286,22
122,308246,II,0.4466,25.84,24.21,23.95,23.85,0.734411764706,2.19705882353,1.9,2.326875,4
123,542520,Ibc,0.4665,25.12,23.86,24.0,23.67,1.13529411765,4.73,2.59588235294,4.019375,29
124,857013,Ibc,0.9608,28.22,25.8,24.19,24.05,-0.175853658537,0.653170731707,1.76775,2.48948717949,1
125,544288,Ia,0.7042,26.43,24.14,23.73,23.67,0.192083333333,1.69304347826,2.12565217391,3.02217391304,0
126,686957,II,0.64,25.83,24.84,25.5,25.37,1.42888888889,1.98666666667,1.5,0.173333333333,33
127,876834,Ibc,0.412,25.29,23.92,23.55,23.63,0.625384615385,1.70153846154,2.18384615385,1.81785714286,23
128,534829,II,0.7494,25.48,24.1,24.37,24.37,0.462,3.05066666667,2.603,3.41333333333,27
129,60388,Ia,0.9475,40.47,24.74,23.67,23.64,0.0161538461538,2.71285714286,3.27714285714,3.16230769231,0
130,278344,II,0.9543,99.06,25.44,25.44,25.59,0.18962962963,2.26666666667,1.8262962963,1.06192307692,17
131,474704,Ia,0.7523,26.49,24.34,23.84,23.72,0.305,2.003,2.308,2.38,0
132,664556,II,0.7293,25.65,24.74,24.9,25.01,1.1575,2.674375,1.735,0.894375,17
133,293586,Ia,1.0924,55.52,25.46,24.33,24.1,-0.481,1.607,1.78545454545,1.46,0
134,347531,II,1.0464,99.0,25.58,25.14,25.61,-0.108235294118,1.42411764706,1.69411764706,1.33636363636,20
135,349941,Ia,0.5857,26.33,24.25,23.94,23.75,0.300555555556,4.00388888889,3.93882352941,5.245625,0
136,699280,Ia,0.9377,29.24,25.22,24.35,24.23,0.220789473684,1.05236842105,2.01405405405,2.30583333333,0
137,579797,Ia,1.0949,55.25,25.31,24.09,23.72,0.066875,0.691333333333,1.33793103448,2.44965517241,0
138,487733,II,0.8133,26.05,24.29,24.57,24.48,0.415714285714,1.49214285714,1.065,1.30222222222,27
139,775590,II,0.7405,25.78,24.25,24.75,24.69,0.319090909091,2.54666666667,1.23285714286,2.39571428571,20
140,763904,Ia,0.8347,26.71,24.29,23.41,23.7,-0.00275862068966,1.19178571429,1.25538461538,1.2725,0
141,472797,II,0.9566,25.82,23.96,24.45,24.21,0.951,3.024,0.83,1.904,30
142,595981,II,0.4914,26.35,24.71,24.35,24.12,0.0403125,2.539375,2.748125,3.7271875,4
143,750999,Ibc,0.4199,25.88,24.36,24.04,23.9,-0.115,1.82416666667,1.7547826087,3.5547826087,18
144,402875,II,1.0613,26.2,24.09,24.29,24.5,0.6456,3.65958333333,3.28666666667,3.23916666667,30
145,603719,II,0.8565,26.35,24.45,24.58,24.67,0.198181818182,2.32363636364,1.27636363636,0.006,27
146,298440,Ia,0.8106,27.29,24.81,23.92,23.95,-0.184615384615,1.70307692308,1.86384615385,1.54769230769,0
147,248105,Ia,0.8447,27.21,24.72,23.89,23.98,-0.236896551724,0.876785714286,1.11384615385,1.49958333333,0
148,304491,II,0.421,25.62,24.19,23.9,23.66,0.00518518518519,1.27615384615,1.4064,1.6916,4
149,556340,Ia,0.6917,25.84,23.73,23.57,23.52,-0.062,1.11625,0.797272727273,1.397,0
150,367622,Ia,0.9458,27.12,24.67,23.62,23.69,-0.059,1.59555555556,2.03333333333,1.46333333333,0
151,59857,II,0.7164,25.18,24.7,24.96,24.86,0.4240625,2.17125,1.53032258065,2.075,43
152,651608,Ibc,0.9705,98.99,26.24,24.58,24.33,0.314146341463,0.503902439024,1.68375,2.32615384615,8
153,114612,Ia,0.802,26.96,24.65,23.8,23.94,-0.0186206896552,0.756428571429,1.10884615385,1.17083333333,0
154,673009,Ia,1.0631,55.52,25.52,24.27,23.96,0.0126315789474,1.28,1.86421052632,2.57333333333,0
155,761922,II,0.7097,25.38,24.12,24.37,24.33,0.198,1.94875,1.14956521739,1.58142857143,27
156,617736,II,0.658,24.9,24.0,24.07,24.07,1.20428571429,2.36,1.68428571429,0.24,42
157,404202,Ia,0.6987,25.27,23.48,23.33,23.28,0.989,6.987,4.796,4.68888888889,0
158,482652,Ibc,1.0467,99.04,26.75,24.85,24.51,-0.249722222222,0.321388888889,0.415428571429,1.33411764706,8
159,27029,II,0.6666,24.92,24.11,24.45,24.48,0.7175,1.86285714286,1.54461538462,1.00142857143,21
160,711769,II,0.8497,26.16,24.68,24.62,24.55,0.456111111111,1.51833333333,1.90714285714,3.37647058824,42
161,422291,II,0.8858,28.25,24.65,24.72,24.84,0.2765625,1.22741935484,0.546206896552,0.947307692308,27
162,289710,Ibc,0.8642,99.02,26.04,25.02,25.47,-0.0202777777778,0.925,0.893142857143,1.14823529412,29
163,45295,II,0.7598,25.48,24.27,24.81,24.64,0.23125,1.95375,1.06555555556,0.44125,21
164,535040,Ia,0.7803,26.77,23.97,23.45,23.73,0.0415625,2.32375,2.47774193548,3.44033333333,0
165,362724,Ia,0.9686,46.6,25.0,23.91,23.88,-0.243333333333,0.699090909091,1.336,2.211,0
166,542837,Ia,0.412,23.53,22.6,22.64,22.67,1.92857142857,8.59571428571,7.92428571429,5.9675,0
167,21375,Ibc,0.3392,26.05,24.87,24.24,23.87,0.433636363636,1.76909090909,1.60090909091,2.11545454545,28
168,83495,Ibc,0.5842,99.01,24.72,24.14,23.76,0.02,0.968888888889,1.97888888889,1.764,22
169,866123,II,0.5934,24.37,23.8,23.84,23.86,1.55857142857,2.62285714286,2.20857142857,1.63428571429,42
170,875683,Ia,0.8942,27.24,24.33,23.59,23.71,-0.006,0.935357142857,1.63185185185,2.03037037037,0
171,592757,II,0.4058,24.0,23.81,23.54,23.44,2.122,3.214,3.368,2.88166666667,36
172,786552,Ia,1.0382,56.15,26.16,24.85,24.59,-0.326896551724,0.0655172413793,0.694333333333,1.00689655172,0
173,875509,Ia,0.8022,27.37,24.76,23.93,24.03,-0.111212121212,1.39375,1.399,1.99214285714,0
174,574255,Ia,0.9193,32.69,24.69,23.78,23.79,-0.0638709677419,0.867586206897,1.64642857143,2.45357142857,0
175,313097,Ibc,0.5416,27.07,25.09,24.79,24.52,-0.0441935483871,0.984516129032,1.28866666667,1.46344827586,5
176,137072,Ia,0.742,26.35,24.25,23.74,23.71,0.362727272727,1.00090909091,2.30272727273,1.5175,0
177,186734,II,0.9653,99.01,24.8,24.75,24.93,0.0497058823529,0.651470588235,0.569696969697,1.6934375,27
178,666116,II,0.4606,26.9,29.21,29.29,26.83,1.44466666667,2.54333333333,1.81655172414,2.26517241379,31
179,570028,Ibc,0.9082,98.96,25.78,24.28,24.13,0.0515151515152,0.690303030303,1.66393939394,2.92121212121,8
180,269583,Ia,0.7981,27.47,25.08,24.19,24.39,1.181,1.046,2.16,1.273,0
181,795990,II,0.3934,23.57,23.7,23.63,23.5,1.85214285714,5.04571428571,5.61444444444,7.29444444444,26
182,601536,II,0.6147,24.62,23.9,23.9,23.96,1.209,3.9445,3.823,3.46,42
183,543275,II,0.5147,24.2,24.39,24.43,24.49,1.99,0.512857142857,1.12857142857,0.458571428571,44
184,185321,Ia,0.6982,25.52,23.69,23.54,23.49,0.143448275862,1.73535714286,1.15153846154,2.48333333333,0
185,866990,II,0.8069,24.47,23.57,23.86,23.72,2.45846153846,8.43692307692,5.92461538462,4.77416666667,30
186,610772,II,0.4941,24.11,24.02,24.1,24.16,3.431,5.638,3.9,2.768,17
187,739407,Ia,0.589,26.02,24.07,23.76,23.53,0.0634482758621,1.95407407407,2.11730769231,3.05269230769,0
188,249308,II,1.0012,25.9,23.93,24.36,24.31,0.4975,2.94954545455,1.74380952381,1.73904761905,30
189,730713,Ibc,0.5655,99.03,24.7,23.94,23.76,-0.00233333333333,1.203,2.81266666667,4.08655172414,22
190,92930,Ia,1.0532,98.03,25.45,24.13,23.99,-0.477692307692,0.785384615385,2.36461538462,2.245,0
191,579490,Ibc,0.6427,99.02,25.19,24.45,23.9,-0.130416666667,0.757826086957,1.35173913043,2.04434782609,22
192,355179,Ibc,0.9382,98.98,25.98,24.43,24.32,-0.167777777778,0.797222222222,1.73771428571,2.04647058824,8
193,866392,Ia,1.0481,55.37,25.21,24.1,23.97,-0.161,1.189,2.33363636364,1.849,0
194,346547,Ia,0.7657,25.81,23.82,23.3,23.44,0.0434782608696,1.4,1.97333333333,2.8619047619,0
195,782301,Ia,0.689,25.95,23.85,23.6,23.53,0.2072,2.4475,2.67208333333,2.9175,0
196,313567,Ia,0.9216,28.96,25.79,24.6,24.57,0.220909090909,0.987272727273,1.58952380952,0.9705,0
197,448401,Ia,0.9757,48.8,25.24,24.14,24.1,-0.0316,0.289583333333,1.41916666667,1.70125,0
198,196428,II,0.5599,23.98,23.72,23.62,23.82,1.31793103448,4.38517241379,5.71178571429,6.39714285714,27
199,393531,Ia,0.7418,25.53,23.46,22.95,23.19,0.115416666667,1.19826086957,2.27818181818,2.625,0
200,816957,Ia,0.7383,25.76,23.79,23.39,23.41,0.0509090909091,0.616666666667,0.92,1.534,0
201,512816,Ia,1.0827,55.84,25.89,24.63,24.26,0.1164,0.4736,1.0296,1.18458333333,0
202,757542,Ia,0.719,25.67,23.61,23.3,23.34,0.0145833333333,0.491304347826,1.41818181818,2.24,0
203,403007,Ibc,0.6068,26.93,24.62,24.43,24.05,-0.184838709677,1.55548387097,1.37,2.57896551724,1
204,118207,Ibc,1.0999,98.99,27.16,25.25,24.66,0.0957894736842,0.221052631579,0.978648648649,1.28138888889,8
205,872416,II,0.5152,24.26,24.44,24.51,24.64,2.19333333333,1.75727272727,1.724,1.043,44
206,548507,II,0.6577,24.91,24.23,24.39,24.43,0.451034482759,2.09448275862,2.57642857143,3.33321428571,24
207,44285,II,0.7031,25.17,24.05,24.33,24.11,1.10181818182,4.44242424242,2.97636363636,4.8871875,27
208,298724,Ia,1.0,56.38,26.38,24.89,24.64,-0.3725,0.206071428571,0.597142857143,0.96037037037,0
209,374099,II,0.724,25.33,24.25,24.42,24.22,0.592727272727,2.381,1.787,2.363,42
210,354071,II,0.7886,25.83,24.55,24.58,24.41,0.018125,1.39428571429,1.75076923077,1.62857142857,42
211,88934,Ibc,0.5582,98.99,24.66,23.99,23.61,-0.113529411765,1.17235294118,1.79787878788,2.81875,22
212,868729,Ia,0.9516,29.6,25.06,23.94,23.87,-0.123333333333,0.273913043478,1.05652173913,2.04217391304,0
213,754923,Ia,0.8543,28.03,24.5,23.68,23.81,-0.1025,0.766153846154,1.4536,1.2596,0
214,582228,Ia,0.9493,27.42,24.01,23.46,23.4,0.39,2.20142857143,1.88285714286,0.346666666667,0
215,881264,Ia,1.0059,55.07,24.84,23.66,23.6,0.1668,1.41875,2.36125,2.93125,0
216,597330,Ibc,0.9233,99.04,26.02,24.34,24.23,0.0885294117647,0.546176470588,1.99117647059,3.06090909091,8
217,836801,Ia,0.8514,27.45,24.61,23.73,23.87,0.0452,1.65583333333,2.90083333333,2.69625,0
218,77991,Ia,0.9729,47.61,24.86,23.87,23.88,-0.202903225806,0.314482758621,1.28107142857,1.52357142857,0
219,444362,Ibc,0.6281,26.24,23.81,23.34,22.77,0.473703703704,2.0052,1.815,3.58791666667,8
220,199146,II,0.3961,24.49,24.47,24.67,24.42,0.431739130435,2.21772727273,1.69318181818,1.77045454545,12
221,572281,Ibc,0.8114,99.09,25.11,23.96,23.78,-0.199166666667,3.45,4.05916666667,4.56454545455,8
222,501280,II,0.7725,25.64,24.2,24.56,24.4,0.137058823529,2.70323529412,2.13484848485,3.650625,27
223,34352,Ibc,0.7358,27.1,24.39,23.76,23.35,-0.201666666667,1.82166666667,1.75166666667,2.32166666667,8
224,891107,Ibc,0.8739,98.96,25.72,24.34,24.15,0.074375,0.977419354839,1.20344827586,1.3862962963,8
225,878543,II,1.0283,99.0,25.7,25.51,25.8,-0.257619047619,1.68666666667,1.2919047619,0.7055,17
226,81313,Ibc,0.7666,28.09,24.67,23.83,23.49,-0.667,3.499,3.669,3.79111111111,8
227,107232,II,0.3857,24.66,24.47,24.68,24.45,0.311363636364,0.964285714286,0.817368421053,1.50470588235,12
228,722090,Ibc,0.358,24.95,24.04,23.68,23.46,0.4865,2.38105263158,2.28789473684,3.91789473684,18
229,780635,Ia,1.0159,55.5,25.27,24.17,24.13,-0.0984615384615,0.699166666667,1.0352173913,0.607826086957,0
230,145713,Ia,0.8544,27.98,25.2,24.21,24.26,0.0875862068966,0.582413793103,1.75571428571,1.51740740741,0
231,830229,Ia,1.0704,55.4,25.27,24.17,24.01,0.2332,0.906666666667,1.76083333333,2.11541666667,0
232,726043,Ibc,0.8483,99.01,25.39,24.13,23.86,0.124642857143,0.262307692308,1.1676,1.3456,8
233,92183,Ia,1.045,99.83,25.17,23.78,23.72,-0.01,0.08875,1.34741935484,1.56666666667,0
234,800878,Ia,0.8693,27.32,24.4,23.53,23.59,-0.241785714286,0.601481481481,0.636,1.29,0
235,876006,Ia,0.9469,40.71,25.09,24.1,24.13,-0.197575757576,0.458181818182,1.239375,1.40548387097,0
236,710339,Ia,1.0191,55.0,24.92,23.7,23.55,-0.0629032258065,0.972666666667,1.715,2.34962962963,0
237,372901,Ibc,0.851,98.95,25.32,24.15,23.98,0.0460526315789,2.18078947368,2.19378378378,3.19194444444,8
238,210371,Ia,0.982,29.12,24.35,23.72,23.72,-0.0761290322581,1.07724137931,1.75214285714,2.31035714286,0
239,249976,Ibc,0.3024,22.62,21.86,21.29,21.16,5.035,11.0783333333,11.1766666667,12.6383333333,8
240,297787,Ia,0.7992,27.68,25.23,24.32,24.33,-0.109,1.294,2.46,1.419,0
241,385583,II,0.5556,24.19,23.67,23.66,23.76,0.6324,3.3284,6.2224,6.954,42
242,645783,II,1.0254,26.0,24.03,24.34,24.36,0.2172,4.585,2.92958333333,3.53583333333,30
243,868557,Ia,0.8642,27.93,25.14,24.18,24.19,0.098,0.577333333333,1.197,2.08166666667,0
244,397427,Ia,1.0923,97.88,26.07,24.6,24.2,0.135185185185,0.493333333333,0.931111111111,1.55538461538,0
245,805519,Ia,0.8256,26.39,24.15,23.4,23.63,0.24,2.69333333333,3.12041666667,3.17333333333,0
246,599528,Ibc,0.7463,99.04,25.19,24.88,24.92,-0.294848484848,1.01696969697,1.123125,1.43935483871,29
247,759613,Ibc,0.7531,27.25,24.65,23.81,23.44,0.3236,1.63916666667,2.2475,3.31166666667,8
248,58523,II,1.0715,98.93,25.62,25.11,25.19,-0.0519444444444,0.111388888889,0.856,0.966764705882,42
249,757262,Ibc,0.4743,99.02,24.05,23.38,23.21,0.105882352941,3.33176470588,4.61823529412,4.92875,22
250,482200,Ia,0.8454,25.41,23.22,22.77,23.06,0.146666666667,1.48,2.07833333333,0.391666666667,0
251,800302,Ia,1.0218,31.92,25.81,24.61,24.38,0.049512195122,0.61512195122,1.713,2.25076923077,0
252,300655,Ia,0.5784,25.23,23.48,23.32,23.21,0.34,2.91714285714,3.36,4.78148148148,0
253,179777,II,0.746,27.24,28.4,30.15,30.5,0.365,1.5675,0.607826086957,0.900909090909,31
254,656060,II,0.9292,26.83,25.05,24.88,24.74,0.028,1.028,0.6388,1.37208333333,42
255,199903,Ibc,0.136,22.27,21.57,21.78,21.97,6.37736842105,17.0322222222,13.9961111111,14.8738888889,13
256,877945,II,0.8517,24.89,23.7,24.06,23.83,0.799583333333,4.13391304348,3.73954545455,5.46136363636,30
257,833221,II,0.7291,25.51,24.11,24.55,24.27,0.0763333333333,1.13896551724,0.750740740741,1.10423076923,27
258,815531,Ibc,0.0669,20.24,19.85,19.68,19.83,16.508,27.643,26.375,29.715,18
259,236474,Ia,1.0166,55.81,25.62,24.45,24.34,0.179714285714,0.479428571429,1.08911764706,1.50090909091,0
260,360782,Ibc,0.9869,98.91,26.29,24.67,24.35,-0.283928571429,0.481428571429,0.651428571429,1.45740740741,8
261,275384,Ia,0.9815,27.11,24.35,23.68,23.7,0.273214285714,0.825384615385,1.4368,1.3356,0
262,579022,Ibc,0.9288,98.98,25.89,24.51,24.24,0.4825,0.113333333333,0.877586206897,1.26689655172,8
263,732093,Ia,0.9546,42.88,25.13,24.03,23.96,-0.126666666667,0.895625,1.92266666667,1.31733333333,0
264,870530,Ibc,0.2029,22.57,22.34,22.32,22.4,2.041875,4.93125,4.883125,5.679375,16
265,859710,Ia,0.895,28.0,25.17,24.27,24.27,0.280625,-0.023125,0.788387096774,0.94,0
266,487019,Ia,1.0878,55.53,25.7,24.42,23.99,0.311538461538,1.49307692308,1.71461538462,1.72,0
267,255097,II,0.3444,25.64,24.62,24.45,24.2,-0.15625,1.33565217391,0.978636363636,1.33909090909,4
268,533171,II,0.9114,99.05,24.78,24.97,25.16,-0.0196875,1.07625,1.063125,1.3028125,21
269,44060,Ia,0.8447,27.51,25.14,24.15,24.26,0.0951219512195,1.33926829268,2.70675,2.58051282051,0
270,347640,II,0.4075,26.98,28.95,28.79,26.49,1.08,2.67526315789,2.39588235294,3.712,31
271,398701,II,0.8463,26.18,24.71,24.67,24.53,0.0155555555556,1.54222222222,0.521111111111,0.604,42
272,56089,Ibc,0.9696,98.96,26.14,24.61,24.4,0.059756097561,0.963902439024,1.84425,2.62769230769,8
273,368536,Ia,1.0348,99.6,26.94,24.5,24.49,0.1612,0.3028,0.8616,1.45916666667,0
274,157506,Ibc,0.4621,25.97,24.43,24.19,24.01,0.0972413793103,2.58482758621,2.61678571429,3.32571428571,7
275,625224,Ibc,0.1706,22.88,22.12,22.32,22.53,2.98380952381,12.5675,11.153,11.5185,13
276,79311,Ia,0.4464,24.47,23.1,22.82,22.87,1.06294117647,6.94382352941,7.14212121212,7.29375,0
277,698432,II,0.4657,25.55,23.95,23.58,23.42,0.8609375,4.3209375,4.49290322581,5.502,4
278,573011,Ia,0.195,20.9,20.82,20.95,21.52,17.9,25.68875,20.2911111111,16.335,0
279,227102,Ia,0.8651,26.72,24.24,23.48,23.51,1.03363636364,1.97090909091,2.74363636364,2.92818181818,0
280,502030,Ia,0.6203,24.98,23.29,23.21,23.18,0.739375,6.830625,6.1428125,7.730625,0
281,334017,II,0.3171,25.25,24.2,24.06,23.9,0.9628,5.1028,4.5604,6.1284,3
282,759414,Ia,0.9294,36.51,25.55,24.48,24.35,0.122666666667,0.584666666667,0.607,1.45275862069,0
283,244394,Ibc,0.6024,27.53,24.82,24.86,24.41,0.130909090909,0.45,0.84,1.035,23
284,62265,Ia,0.8523,27.39,24.83,23.96,24.1,0.156060606061,0.8715625,1.27366666667,1.34642857143,0
285,661788,II,0.4353,23.36,23.44,23.43,23.42,1.60769230769,2.40692307692,2.39,2.46076923077,24
286,183260,II,0.5586,24.17,23.9,24.09,24.18,0.126153846154,1.80153846154,1.42230769231,0.920769230769,24
287,66874,Ibc,0.4228,25.91,24.41,24.1,23.84,0.547931034483,2.53344827586,2.87586206897,4.49896551724,18
288,198588,Ia,0.8395,27.56,24.75,23.76,24.01,0.197073170732,1.97170731707,3.244,3.25641025641,0
289,225474,Ia,0.8958,27.97,25.14,24.26,24.3,5.48146341463,1.19780487805,1.92025,1.97846153846,0
290,305740,II,0.3016,24.45,23.73,23.88,24.27,1.70583333333,5.21583333333,4.42583333333,2.96636363636,37
291,488371,Ia,0.8641,28.21,24.54,23.76,23.92,-0.425,0.9375,0.58375,1.51555555556,0
292,867512,Ia,0.4106,23.24,22.17,22.13,22.37,0.6705,3.99,4.73210526316,5.07368421053,0
293,518504,II,0.2705,23.31,23.25,23.22,23.37,1.90055555556,9.16588235294,6.59,5.6925,15
294,644101,Ia,0.9757,29.5,25.8,24.03,24.13,-0.106585365854,0.864634146341,1.807,2.05230769231,0
295,367872,Ia,1.0817,55.64,25.67,24.42,24.05,-0.25875,0.734583333333,1.9452173913,2.62045454545,0
296,527290,Ia,0.7968,27.72,25.14,24.16,24.27,0.213684210526,0.750263157895,1.61567567568,2.4225,0
297,762643,Ia,0.7236,25.68,23.7,23.36,23.39,-0.08,2.32714285714,2.17571428571,1.52666666667,0
298,255954,Ibc,0.5221,99.02,24.37,23.81,23.46,0.07,1.38444444444,1.49259259259,2.93153846154,22
299,671273,II,0.6776,24.96,23.88,24.27,24.11,1.385,5.72357142857,2.41714285714,2.36692307692,27
300,884877,Ia,0.7587,26.09,24.0,23.44,23.53,0.193125,2.54483870968,2.81724137931,3.2762962963,0
301,366095,Ibc,0.8473,98.96,25.31,24.1,23.94,-0.0015625,0.405625,1.05580645161,2.16433333333,8
302,464176,Ibc,0.5948,26.08,24.81,24.94,24.62,0.342258064516,1.13903225806,1.144,1.82586206897,16
303,108011,Ibc,0.5952,98.98,24.89,24.29,23.77,-0.0768965517241,0.745185185185,1.34153846154,2.22076923077,22
304,800798,Ia,0.7,26.18,23.45,23.29,23.35,0.18064516129,2.31733333333,1.98592592593,2.7128,0
305,678403,II,0.6997,25.12,24.23,24.28,24.11,0.371153846154,1.07791666667,1.30608695652,1.93,42
306,624366,Ibc,0.462,25.97,24.39,24.19,23.98,0.811111111111,3.42111111111,2.87222222222,2.48666666667,7
307,247889,Ia,0.69,25.62,23.8,23.65,23.64,0.833846153846,2.07230769231,2.24,2.18357142857,0
308,737853,II,0.4147,25.88,24.47,24.24,24.05,0.931333333333,3.016,2.63466666667,3.366,4
309,707584,Ia,0.8001,26.32,24.29,23.61,23.88,-0.105454545455,1.94227272727,2.79727272727,2.25428571429,0
310,465213,II,0.716,25.39,24.89,25.42,25.19,1.27166666667,1.43,0.879090909091,0.27,44
311,521176,Ibc,1.0126,98.98,26.56,24.74,24.44,-0.0308823529412,0.395882352941,1.18424242424,1.89212121212,8
312,383204,Ibc,0.302,23.87,23.36,23.36,24.67,0.469130434783,4.62869565217,3.59304347826,2.44434782609,10
313,557500,Ia,0.7111,25.4,23.31,23.17,23.19,0.8508,5.04541666667,4.16916666667,4.90916666667,0
314,484106,II,0.9701,25.72,23.8,24.37,24.15,0.525555555556,4.29888888889,1.88777777778,2.50375,30
315,668078,II,0.7486,25.38,24.02,24.45,24.23,0.215,1.93,1.02583333333,1.21538461538,27
316,548850,II,0.5544,24.2,23.8,23.63,23.75,0.34,1.59208333333,5.32608695652,6.34956521739,42
317,586940,II,0.5585,24.32,23.95,23.99,24.08,0.984,3.823,2.061,1.78111111111,24
318,844490,Ibc,0.2391,23.71,23.1,22.76,22.87,0.4944,2.9725,3.46217391304,3.0180952381,5
319,173612,Ia,0.8413,28.75,25.82,24.77,24.7,0.15,0.556842105263,1.585,1.27222222222,0
320,645018,II,0.7873,27.16,25.35,25.14,25.07,0.447857142857,1.665,1.7,1.49384615385,36
321,30550,II,1.017,28.88,25.3,25.03,25.14,-0.0640909090909,1.74045454545,1.31666666667,1.41,42
322,121369,Ia,1.0095,55.58,25.55,24.27,24.11,-0.412068965517,0.0396428571429,1.265,1.144,0
323,405138,Ia,0.9391,38.6,25.18,24.19,24.17,-0.381176470588,0.415294117647,1.909375,1.66125,0
324,868812,Ibc,0.6267,98.98,25.07,24.45,23.78,-0.114444444444,1.08416666667,2.0,3.88147058824,22
325,307171,Ibc,0.8821,98.96,25.71,24.23,24.06,-0.0263157894737,0.707368421053,1.96432432432,2.96694444444,8
326,234944,Ia,0.9837,28.74,25.52,24.37,24.29,0.0515625,1.0071875,1.3,2.0553125,0
327,507274,II,0.8459,98.98,25.11,25.18,25.21,0.0633333333333,2.21125,1.184,1.214,17
328,473109,Ibc,0.7672,28.21,24.9,23.97,23.5,-0.146206896552,1.00535714286,1.19777777778,2.5192,8
329,803506,II,1.0122,99.0,25.66,25.51,25.74,-0.3276,2.21041666667,2.73,1.35333333333,17
330,87273,Ibc,0.2115,22.85,22.55,23.05,24.94,3.43421052632,7.72833333333,4.55833333333,1.25388888889,10
331,286112,Ibc,0.8469,99.02,25.37,24.13,23.96,-0.0444444444444,1.54444444444,2.70444444444,1.429,8
332,94824,II,0.6412,26.17,24.55,24.86,24.59,-0.188846153846,0.946923076923,1.684,2.93,32
333,631384,Ia,1.0266,55.37,25.3,24.06,23.89,0.121212121212,0.2846875,1.095,1.81142857143,0
334,452729,Ibc,0.4437,99.05,23.87,23.21,23.14,-0.0791666666667,2.87608695652,3.03347826087,3.94130434783,22
335,873211,Ibc,0.2596,21.95,21.18,20.79,20.61,3.77666666667,17.9928571429,24.2071428571,29.3566666667,8
336,78035,II,0.7099,25.22,24.29,24.24,24.12,0.705,1.84909090909,1.588,1.682,42
337,55598,II,0.5058,23.78,23.79,23.72,23.82,2.91125,4.45875,3.01777777778,1.69625,21
338,844740,II,0.3577,24.81,24.18,24.3,24.3,0.3356,3.8668,3.84083333333,4.625,37
339,496352,Ibc,1.0363,99.05,26.63,24.86,24.5,-0.0346341463415,0.865853658537,1.88975,2.15948717949,8
340,841495,Ia,0.998,28.89,25.03,24.1,24.06,0.461666666667,1.53333333333,2.45333333333,2.60818181818,0
341,750312,Ia,0.4692,25.08,23.54,23.41,23.27,0.592608695652,3.11909090909,3.38238095238,4.27,0
342,773238,Ia,0.9944,53.87,25.27,24.14,24.07,0.0551515151515,0.7278125,1.79266666667,1.99321428571,0
343,888842,Ia,0.9508,27.82,24.59,23.8,23.79,-0.142,1.18777777778,1.60777777778,1.63777777778,0
344,320798,Ia,0.6705,25.97,24.01,23.8,23.66,-0.152857142857,1.02148148148,0.9292,1.455,0
345,820549,II,0.979,25.7,23.85,24.31,24.11,0.279166666667,2.24583333333,1.76916666667,1.85916666667,30
346,300752,Ia,0.7571,26.39,24.35,23.83,24.01,0.437916666667,0.986363636364,0.812380952381,1.35095238095,0
347,522083,Ibc,0.5025,26.62,24.84,24.59,24.28,0.23,1.42,1.02090909091,0.726363636364,7
348,747959,Ia,0.7802,26.9,24.56,23.79,23.8,0.0712195121951,3.10365853659,3.785,4.41564102564,0
349,490460,Ibc,0.3567,23.75,23.48,23.14,22.97,1.48333333333,4.58375,6.2947826087,9.70217391304,29
350,346159,II,0.4369,26.39,24.85,24.57,24.38,0.00444444444444,0.5872,0.699166666667,0.501666666667,4
351,533628,Ia,0.9418,27.12,24.7,23.75,23.72,0.0256,1.13541666667,2.20166666667,2.63291666667,0
352,845086,Ia,0.9174,28.3,24.85,23.97,23.91,-0.1178125,1.165,1.36655172414,2.30931034483,0
353,375748,II,0.5704,24.31,23.78,23.87,23.97,1.28333333333,4.14666666667,3.20533333333,2.598,27
354,171978,Ia,0.8542,26.44,23.57,22.94,23.25,0.0792307692308,3.31615384615,4.71615384615,2.81285714286,0
355,760388,Ia,0.856,26.99,24.58,23.82,23.9,-0.0763636363636,1.63090909091,2.79454545455,2.30545454545,0
356,129283,II,0.7884,24.6,24.53,24.43,24.56,0.919090909091,1.39,1.16363636364,1.97166666667,2
357,231841,II,0.8799,27.05,24.72,25.0,24.96,-0.322,2.397,1.34545454545,1.221,21
358,56969,Ia,0.8832,29.33,25.48,24.34,24.3,0.0436363636364,0.927272727273,1.279375,1.64967741935,0
359,851424,Ia,0.8474,28.65,25.09,24.13,24.16,0.000882352941176,0.935,2.2403030303,2.5884375,0
360,307522,Ibc,0.4592,98.96,23.93,23.32,23.18,0.217916666667,1.66045454545,2.03952380952,2.77238095238,22
361,880264,Ia,1.0058,55.63,25.35,24.29,24.3,0.0467567567568,0.470810810811,0.768888888889,1.27714285714,0
362,406082,II,0.5529,24.56,24.34,24.3,24.53,2.271,4.37166666667,2.69294117647,2.78882352941,17
363,347716,Ia,1.0631,99.81,25.36,24.32,24.14,-0.634444444444,1.21666666667,0.827777777778,0.925,0
364,750585,Ibc,1.0479,99.06,26.81,24.9,24.63,-0.063,0.768,1.98,1.88555555556,8
365,796152,Ia,1.0487,98.94,24.46,23.75,23.64,0.07375,0.884375,2.030625,1.62235294118,0
366,868742,II,0.5961,24.66,24.06,23.91,24.04,-0.0986956521739,1.04,2.1465,2.74888888889,42
367,658505,Ibc,0.8299,98.98,25.81,24.91,25.37,-0.402121212121,0.949393939394,1.075,0.844516129032,29
368,572767,Ibc,0.7521,27.47,24.67,23.92,23.51,-0.109,2.318,2.644,3.092,8
369,258771,Ibc,0.7639,99.02,26.21,25.05,24.44,0.0928205128205,0.598205128205,1.19736842105,1.47405405405,22
370,105990,Ibc,0.9975,98.99,26.39,24.68,24.42,-0.144146341463,0.759512195122,2.0825,2.46076923077,8
371,254035,II,0.581,25.33,24.51,24.48,24.44,1.48833333333,4.13666666667,2.87416666667,2.34181818182,36
372,445994,II,0.6861,24.99,23.92,24.24,24.21,0.17,1.68590909091,1.6819047619,2.47,27
373,749455,Ibc,0.9889,98.98,26.36,24.74,24.44,-0.127941176471,1.15117647059,2.41911764706,2.61636363636,8
374,645011,II,0.6342,24.64,23.94,24.02,23.98,0.473636363636,1.65,2.63454545455,1.22909090909,42
375,643186,Ibc,0.4652,25.89,24.18,24.01,23.94,0.00037037037037,1.94333333333,2.03185185185,2.70148148148,23
376,726054,Ibc,1.0276,98.98,26.54,24.86,24.48,-0.1303125,-0.0916666666667,0.165862068966,1.05827586207,8
377,82418,Ibc,0.7141,26.9,24.28,23.67,23.14,-0.55064516129,1.36838709677,2.10766666667,3.60689655172,8
378,266443,Ia,0.613,25.56,23.59,23.35,23.26,0.372173913043,1.39181818182,0.9545,2.24166666667,0
379,711560,Ia,0.6653,26.26,24.0,23.7,23.53,0.0829032258065,1.931,2.15607142857,2.54461538462,0
380,685902,II,0.6834,25.12,24.09,24.34,24.22,0.387,2.299,0.818,1.433,27
381,866722,Ia,0.9508,28.11,24.85,24.14,23.99,-0.149285714286,2.39285714286,2.95785714286,2.49769230769,0
382,191250,Ia,0.5037,26.98,24.8,24.2,23.76,0.00607142857143,1.23785714286,2.30785714286,4.23857142857,0
383,809155,Ibc,0.3427,25.02,24.08,23.63,23.48,0.423461538462,0.7916,0.947391304348,2.27904761905,5
384,215239,Ia,0.8326,26.81,24.63,23.64,23.76,0.194230769231,0.376,0.997826086957,1.18142857143,0
385,278504,II,0.9752,27.35,25.16,24.93,25.0,0.137692307692,2.38615384615,1.37692307692,1.48083333333,42
386,666915,II,0.6938,25.15,24.37,24.54,24.51,0.357037037037,1.22384615385,0.8752,1.6524,24
387,146604,Ia,1.0338,98.05,25.98,24.33,24.24,0.160606060606,0.14303030303,0.5809375,1.31290322581,0
388,308099,Ia,0.6814,26.92,24.03,23.84,23.69,0.0075,1.6752173913,1.60130434783,2.05958333333,0
389,381742,Ibc,0.2517,21.87,21.12,20.65,20.59,9.39058823529,19.1470588235,21.1023529412,23.0617647059,8
390,119643,Ia,0.6655,25.73,23.78,23.55,23.46,0.2076,2.70958333333,2.42958333333,3.60583333333,0
391,781120,II,0.568,24.08,23.69,23.77,23.94,1.16161290323,2.89206896552,2.2125,2.75535714286,27
392,811564,Ia,1.0301,55.88,25.68,24.53,24.44,0.191818181818,0.908636363636,1.12523809524,1.341,0
393,882878,Ia,0.095,19.58,19.4,19.73,19.76,29.3946153846,33.7623076923,32.9769230769,35.3366666667,0
394,451635,Ia,0.8312,26.51,24.39,23.61,23.81,0.307407407407,0.675384615385,0.707916666667,1.55590909091,0
395,265851,Ia,0.8287,27.07,24.72,23.92,24.1,-0.489,1.25111111111,1.42111111111,1.04555555556,0
396,123020,Ibc,0.8913,99.02,25.75,24.24,24.07,-0.0215151515152,0.761818181818,1.7959375,2.14193548387,8
397,252349,Ia,0.7379,25.95,23.92,23.45,23.63,0.423846153846,1.65,2.74538461538,1.59785714286,0
398,267158,Ia,0.8944,27.77,24.85,23.91,23.86,-0.032,1.22666666667,1.80434782609,1.84095238095,0
399,410463,II,0.8189,98.94,24.75,24.76,24.82,0.721111111111,1.31333333333,1.08222222222,0.55,24
400,306165,Ia,0.7461,26.44,24.05,23.69,23.75,0.68,4.70076923077,5.16384615385,3.53166666667,0
401,876135,Ia,0.3792,23.18,22.34,22.26,22.47,0.505263157895,3.58666666667,5.32333333333,5.30117647059,0
402,371153,Ia,0.8751,27.72,25.09,24.07,24.01,0.0410526315789,1.10473684211,2.31162162162,2.84916666667,0
403,843908,Ia,1.0503,56.03,26.04,24.73,24.45,0.2655,0.85275,1.26051282051,1.70105263158,0
404,383168,II,0.8418,99.03,25.45,25.19,25.47,-0.212,0.973,0.76,0.726,38
405,608408,Ia,0.9053,27.98,24.49,23.85,23.86,0.328,3.169,3.23,2.47444444444,0
406,195511,Ia,0.7824,27.99,25.4,24.5,24.37,-0.108857142857,1.08028571429,1.14941176471,1.85606060606,0
407,170969,II,0.9667,99.0,24.93,24.74,24.98,0.0990476190476,1.64,1.32666666667,0.6835,27
408,882075,Ibc,0.5927,27.4,24.92,24.9,24.37,-0.221818181818,1.46272727273,0.715454545455,1.793,23
409,343394,II,0.318,24.03,23.15,23.01,22.83,0.102777777778,1.76176470588,1.55588235294,2.564375,4
410,112510,Ia,0.9214,33.42,24.82,23.92,23.9,0.162727272727,0.611818181818,1.11625,1.88129032258,0
411,114602,Ibc,0.2641,23.17,23.13,22.96,22.9,0.627,2.455,2.814,3.819,16
412,514461,II,0.7795,25.61,24.18,24.5,24.25,0.198823529412,2.39911764706,1.68636363636,2.3584375,27
413,617539,Ia,1.0359,55.55,25.38,24.26,24.12,-0.236666666667,1.20666666667,1.61583333333,1.67545454545,0
414,241411,Ia,1.0841,100.19,25.33,24.0,23.74,0.226206896552,0.191034482759,0.754827586207,1.13310344828,0
415,788660,Ia,0.7118,25.58,23.47,23.35,23.36,0.0888888888889,3.07333333333,1.94222222222,2.24,0
416,281833,II,0.9092,25.27,23.67,24.09,23.94,0.863076923077,7.01923076923,4.90769230769,4.23416666667,30
417,822379,Ia,0.7585,27.37,24.69,23.97,24.06,-0.27,0.584615384615,0.9816,0.9808,0
418,703391,Ia,0.5408,25.89,24.06,23.87,23.72,0.613636363636,5.08181818182,3.91363636364,3.746,0
419,385536,Ia,0.9695,29.03,25.01,24.19,24.09,-0.0359375,0.746129032258,0.952413793103,1.40814814815,0
420,787072,Ia,0.795,26.47,24.24,23.4,23.6,0.42,1.68857142857,2.14714285714,1.84142857143,0
421,39436,II,0.749,25.58,24.35,24.47,24.28,0.303,1.82444444444,1.11111111111,1.96444444444,42
422,350358,Ia,1.0212,55.78,25.63,24.43,24.3,0.0708823529412,0.657058823529,2.25470588235,2.64545454545,0
423,379431,Ibc,0.6995,99.03,25.69,24.79,24.19,0.159545454545,0.682727272727,1.09954545455,1.50285714286,22
424,269917,Ibc,0.3007,23.13,23.14,22.72,22.72,1.07666666667,4.56388888889,7.27944444444,9.36888888889,29
425,41523,II,0.581,24.48,23.97,23.82,23.87,2.31444444444,3.08333333333,1.92,1.69555555556,42
426,580719,II,0.5685,25.48,24.91,25.34,25.16,0.512333333333,1.02896551724,0.801481481481,0.9456,33
427,688356,Ia,0.775,26.85,24.55,23.81,23.83,-0.0652,1.00791666667,1.53208333333,1.98,0
428,91713,Ibc,0.5184,26.57,24.43,24.45,24.06,-0.0328571428571,1.02523809524,0.958095238095,1.9845,23
429,476645,II,0.8456,98.99,25.22,25.16,25.35,-0.131538461538,3.81307692308,2.13846153846,1.4275,17
430,693072,Ibc,0.6427,99.04,25.15,24.55,23.94,-0.09,0.512,1.177,1.775,22
431,795317,Ibc,0.3539,25.82,24.1,23.75,23.92,0.3275,4.536875,4.846875,4.58733333333,13
432,286747,Ibc,0.9736,99.02,26.27,24.62,24.35,-0.072,0.899,2.131,1.72777777778,8
433,463559,Ibc,0.8886,27.96,25.44,23.85,23.78,0.238965517241,0.4325,0.855,1.5572,1
434,428996,Ia,0.8662,27.41,24.74,23.88,23.88,-0.0263636363636,2.50818181818,2.64,2.93363636364,0
435,476655,II,0.2954,22.81,22.9,23.18,23.41,11.251,14.4988888889,8.27888888889,6.74222222222,17
436,522916,Ia,0.6067,24.25,22.71,22.69,22.72,2.04111111111,9.98666666667,7.34333333333,4.90777777778,0
437,550517,Ia,0.725,25.84,23.88,23.52,23.5,0.174444444444,2.82875,2.51625,2.16375,0
438,804960,Ia,0.6561,25.18,23.44,23.34,23.32,0.468620689655,2.47517241379,2.65357142857,3.85285714286,0
439,590899,II,0.4924,24.68,24.46,24.61,24.8,0.396451612903,0.691724137931,1.07607142857,0.966071428571,40
440,249207,II,0.9696,25.82,23.87,24.31,24.19,0.479166666667,3.89272727273,1.88636363636,2.42727272727,30
441,286152,Ia,0.8049,26.42,24.09,23.4,23.56,-0.2876,2.21625,3.03083333333,3.245,0
442,888461,Ia,0.8545,28.26,25.34,24.31,24.27,0.221333333333,0.808,1.58,1.51793103448,0
443,209734,Ia,0.8074,28.21,25.0,24.06,24.26,0.227777777778,0.258461538462,0.610416666667,0.829090909091,0
444,255773,II,0.9666,99.03,24.94,24.77,25.04,0.00384615384615,1.0125,0.534782608696,0.677826086957,27
445,491023,Ia,0.929,27.74,23.85,23.32,23.41,-0.05,2.625,1.70625,1.5275,0
446,679034,Ia,1.0028,29.97,25.18,23.93,23.91,-0.592142857143,1.94785714286,3.84071428571,3.13846153846,0
447,560681,Ibc,0.2637,23.5,22.31,21.97,22.2,2.23523809524,10.8638095238,11.3442857143,9.273,22
448,883493,Ibc,0.162,23.76,22.53,22.41,22.66,0.960384615385,7.8256,7.49708333333,5.5125,11
449,783200,II,0.7897,25.78,24.2,24.46,24.43,0.207777777778,0.752592592593,1.43703703704,2.54037037037,27
450,127400,Ia,0.8244,27.22,24.67,23.76,23.82,-0.417777777778,0.978235294118,1.85058823529,2.10411764706,0
451,884601,Ia,0.685,25.81,23.95,23.77,23.63,0.456206896552,1.10481481481,1.09269230769,1.83846153846,0
452,475619,Ia,1.0386,98.75,25.34,24.28,24.07,0.15375,0.7371875,1.6009375,2.6153125,0
453,218473,Ia,0.8663,27.12,24.56,23.72,23.89,-0.0484210526316,0.981111111111,1.34833333333,1.63833333333,0
454,561076,Ia,0.5821,25.83,23.97,23.78,23.61,0.185925925926,1.16192307692,0.75625,2.34227272727,0
455,680953,II,0.418,24.13,23.87,23.69,23.58,2.89517241379,5.98551724138,4.55827586207,4.24964285714,36
456,642289,Ia,0.9885,30.14,26.49,24.62,24.6,-0.1665625,0.4696875,0.856875,1.3396875,0
457,459579,II,0.5304,27.09,29.54,29.33,27.63,0.807272727273,1.36727272727,0.918181818182,0.656363636364,31
458,409723,II,0.7286,25.36,24.06,24.31,24.29,0.93,1.79777777778,1.95111111111,0.832,27
459,421669,Ibc,0.6555,99.03,25.39,24.68,24.05,-0.0868,0.709583333333,0.752608695652,1.39666666667,22
460,118149,II,1.0466,25.29,24.93,24.8,24.94,0.325161290323,1.06741935484,1.36967741935,1.14566666667,2
461,498241,Ia,0.9527,42.38,25.16,24.22,24.23,-0.0290909090909,0.490909090909,0.5328125,1.07064516129,0
462,79179,Ia,0.839,27.04,24.47,23.55,23.68,0.346060606061,1.579375,2.46366666667,2.58392857143,0
463,828639,II,0.534,24.17,23.88,24.13,24.14,0.6695,2.75,1.81578947368,2.72263157895,20
464,596028,Ia,1.032,99.34,26.08,24.62,24.45,0.0453658536585,0.685853658537,1.75,2.07615384615,0
465,849063,Ia,0.7623,26.26,24.18,23.63,23.77,0.5112,1.88458333333,2.38125,2.83375,0
466,47177,Ia,0.4481,23.31,22.29,22.33,22.43,3.03666666667,9.245,8.895,4.66571428571,0
467,303472,Ia,0.909,29.79,24.63,23.78,23.84,0.1528125,1.013,1.98275862069,2.40310344828,0
468,59130,Ia,0.8823,27.26,24.76,24.0,24.09,0.118,1.37833333333,1.49541666667,1.94541666667,0
469,129175,II,0.6953,28.4,26.15,25.55,25.23,0.0306666666667,0.756,0.858666666667,0.545714285714,4
470,53319,II,0.53,24.0,23.64,23.49,23.59,2.04,2.355,3.35666666667,0.943333333333,42
471,172907,Ibc,0.586,27.31,24.8,24.77,24.31,0.0084375,1.7975,1.32151515152,1.5565625,23
472,192160,Ibc,0.2374,21.71,20.95,20.48,20.47,8.20807692308,25.9219230769,33.332,35.5184,8
473,762261,II,0.4703,26.27,24.52,24.24,24.08,0.268928571429,2.27,2.20678571429,2.85571428571,4
474,790464,Ia,0.9471,27.53,24.47,23.75,23.79,0.2964,2.07041666667,2.3175,2.17208333333,0
475,882356,Ia,0.9281,34.98,24.63,23.78,23.88,-0.2296,1.44375,2.26375,2.12583333333,0
476,181714,II,0.6681,24.85,23.83,24.15,24.12,1.22823529412,5.03294117647,2.68352941176,2.173125,27
477,771667,Ia,0.8716,26.56,24.14,23.46,23.6,0.136666666667,2.21583333333,2.68416666667,1.75666666667,0
478,349991,Ibc,0.3485,24.12,23.72,23.42,23.55,0.151363636364,1.37454545455,1.63863636364,2.015,16
479,831073,Ibc,0.6941,99.04,25.59,24.84,24.2,0.541176470588,0.711176470588,1.06647058824,1.745625,22
480,220586,Ia,0.9027,27.78,25.05,24.23,24.13,-0.362222222222,0.828888888889,1.75111111111,1.24375,0
481,846366,Ia,0.9658,29.37,25.42,24.32,24.2,0.152857142857,0.633,1.30894736842,1.59277777778,0
482,318920,II,0.139,21.72,21.22,21.15,21.24,11.118,16.886,20.508,13.0316666667,4
483,59569,Ia,0.9845,51.53,25.57,24.36,24.27,0.285,1.395,2.398125,2.83933333333,0
484,249198,Ia,0.9129,27.65,24.77,23.79,23.77,0.0412,0.659583333333,1.34208333333,1.83,0
485,749849,Ia,0.4745,23.83,22.68,22.8,22.77,2.55444444444,11.3133333333,7.405,6.71555555556,0
486,121661,Ibc,0.4792,24.71,22.93,22.48,22.18,0.162608695652,3.09782608696,3.93608695652,8.80391304348,8
487,368220,Ia,0.5779,24.59,23.01,22.95,22.92,0.258636363636,1.65047619048,1.47894736842,2.51235294118,0
488,52979,II,0.825,24.26,23.96,23.97,23.98,2.00583333333,3.61739130435,1.83739130435,2.16166666667,2
489,73972,Ia,0.576,26.13,23.58,23.43,23.36,-0.255172413793,1.78642857143,2.10538461538,2.6,0
490,871246,Ia,0.6503,24.75,23.01,22.88,22.97,0.633333333333,5.25333333333,4.21111111111,3.27222222222,0
491,166279,II,0.3243,23.66,23.55,23.48,23.49,2.25833333333,3.09833333333,1.28166666667,1.11333333333,34
492,347322,Ia,0.8075,26.27,24.19,23.38,23.59,0.764285714286,1.24285714286,2.33857142857,0.947142857143,0
493,447084,Ibc,0.9346,99.01,26.03,24.5,24.28,-0.0397368421053,1.00947368421,1.94405405405,2.31944444444,8
494,822882,II,0.8568,26.36,24.41,24.64,24.57,0.292068965517,0.685172413793,1.055,1.76964285714,27
495,208303,Ia,1.002,55.33,25.05,24.05,24.08,0.177575757576,0.893125,1.22733333333,1.56857142857,0
496,278275,Ia,1.0992,99.07,26.32,24.72,24.32,0.235,-0.00666666666667,1.04,1.80909090909,0
497,362347,Ia,1.0903,55.8,25.91,24.64,24.24,0.217777777778,0.487777777778,0.664642857143,1.02222222222,0
498,727999,Ia,0.8579,27.02,24.59,23.79,23.95,-0.14,1.685,2.01444444444,0.835,0
499,892779,Ia,0.9251,27.69,24.52,23.76,23.78,0.2304,1.12708333333,1.55791666667,2.11291666667,0
500,424433,Ia,0.7594,26.35,24.15,23.52,23.61,0.261739130435,0.839090909091,1.48142857143,2.57142857143,0
501,244395,II,0.8631,26.2,24.61,24.83,24.82,-0.153055555556,1.18027777778,0.793714285714,1.26058823529,21
502,1253,II,0.5786,24.44,23.92,24.11,24.29,0.745,2.36,2.31095238095,2.46380952381,24
503,318698,Ia,0.7805,25.85,24.0,23.33,23.57,0.309,2.90111111111,2.79,2.84222222222,0
504,331031,Ia,0.766,26.84,24.57,23.87,24.03,0.599285714286,3.10857142857,4.625,3.03153846154,0
505,564496,Ibc,0.7442,27.26,24.47,23.81,23.31,0.2316,1.63458333333,1.97875,3.62833333333,8
506,122569,Ia,0.2176,20.78,20.79,20.93,21.41,7.59,18.5390909091,15.7514285714,18.6957142857,0
507,627240,Ibc,0.8895,98.98,25.77,24.24,24.01,0.0170588235294,0.42,0.635882352941,1.72411764706,8
508,418304,Ia,0.9012,28.81,24.6,23.85,23.8,0.00526315789474,0.85,1.48444444444,1.52833333333,0
509,27266,Ibc,0.8318,99.06,25.25,24.09,23.78,0.0343902439024,1.69390243902,2.684,3.99128205128,8
510,386847,II,0.6182,24.48,23.73,23.94,24.08,1.28285714286,3.23571428571,0.77,0.781666666667,27
511,756066,II,0.4953,23.9,23.79,23.85,23.66,1.84666666667,3.18875,1.26375,1.2,24
512,531015,II,0.7337,26.85,24.97,25.02,25.01,0.647419354839,1.73387096774,1.56064516129,2.28733333333,32
513,99768,II,0.594,25.51,24.7,25.0,25.17,0.205277777778,1.35833333333,1.58485714286,1.12323529412,25
514,356293,Ia,0.3242,22.25,21.77,21.75,22.17,9.72,19.8733333333,16.4744444444,12.7475,0
515,860970,II,0.665,25.09,24.8,25.17,24.95,2.62285714286,2.06714285714,0.64,0.71,44
516,425175,II,0.7903,25.85,24.92,25.13,24.89,0.44724137931,1.1,1.24586206897,1.79551724138,43
517,573637,Ia,0.9526,28.4,25.19,24.34,24.13,-0.113428571429,1.05685714286,1.36911764706,1.70121212121,0
518,814757,Ia,0.8499,27.74,24.74,23.87,24.01,-0.309230769231,1.33230769231,2.06,1.07461538462,0
519,646012,Ibc,0.3096,24.4,23.58,23.28,23.25,1.82857142857,7.39571428571,5.00285714286,4.3,5
520,102158,Ia,0.678,26.69,24.49,24.06,23.83,0.0889655172414,0.843703703704,0.964615384615,1.72192307692,0
521,604785,Ia,0.8279,26.6,24.32,23.55,23.76,0.122,3.234,3.63818181818,2.497,0
522,695759,Ia,0.7725,27.24,24.97,24.28,24.23,0.384137931034,-0.00206896551724,0.563214285714,1.34464285714,0
523,690386,II,0.6488,27.86,25.58,24.94,24.86,0.25375,1.62,1.5775,0.864285714286,4
524,377048,II,0.3891,25.31,24.01,23.87,23.55,1.32857142857,3.75857142857,3.47714285714,4.37571428571,4
525,42279,II,0.7847,26.04,24.39,24.68,24.38,0.3112,0.76375,0.706363636364,1.494,27
526,207910,Ia,0.8751,27.28,24.63,23.78,23.89,-0.185333333333,0.948965517241,0.854814814815,1.3156,0
527,102919,Ibc,0.6988,26.88,24.2,23.74,23.24,0.101724137931,1.1675,1.82925925926,3.23296296296,8
528,375991,II,0.3604,23.37,23.42,23.56,23.37,0.102727272727,3.95227272727,4.14681818182,6.67363636364,26
529,754679,Ia,0.8598,27.61,24.89,23.94,24.02,0.0677419354839,0.693333333333,0.852857142857,1.25222222222,0
530,879083,Ibc,0.4307,27.03,24.68,24.18,24.39,0.111923076923,1.90538461538,2.1712,2.13166666667,13
531,163094,Ia,0.5948,24.36,22.87,22.86,22.89,1.53,8.92777777778,6.56777777778,4.14111111111,0
532,262159,II,0.6041,24.54,23.98,23.79,23.96,-0.0216666666667,1.25875,3.97875,5.30875,42
533,569265,II,0.414,25.25,24.3,24.24,23.95,0.486818181818,1.92142857143,2.06947368421,2.89882352941,35
534,578301,Ia,0.813,26.86,24.12,23.38,23.63,0.253,1.95,2.38111111111,1.60333333333,0
535,137299,Ia,0.753,26.85,24.53,23.86,23.86,0.0335714285714,0.739230769231,1.3584,1.8256,0
536,152500,Ia,0.9635,28.19,24.17,23.66,23.56,0.01,1.99666666667,1.71888888889,1.38666666667,0
537,77630,Ia,0.9172,32.47,24.95,23.98,24.01,-0.0877419354839,0.633103448276,1.20642857143,1.28035714286,0
538,186358,Ia,0.7263,25.65,23.67,23.29,23.31,-0.2132,0.9548,2.0752,3.2764,0
539,741421,Ibc,0.6551,26.93,24.38,24.09,23.56,-0.108275862069,1.31965517241,1.76034482759,2.52571428571,1
540,614678,II,0.5441,24.44,24.4,24.4,24.43,1.45076923077,2.81615384615,2.00307692308,1.54230769231,2
541,426265,Ia,0.9805,50.03,25.19,24.06,24.01,-0.185882352941,2.09852941176,3.67264705882,4.2096969697,0
542,417020,Ia,0.7206,26.0,23.97,23.56,23.47,0.250714285714,2.81607142857,2.8624137931,3.39642857143,0
543,307445,Ia,0.96,44.06,24.87,23.93,23.9,0.024375,1.7365625,2.5559375,3.438125,0
544,591069,II,1.0719,23.76,23.46,23.36,23.42,0.97625,2.9234375,2.77322580645,3.44166666667,2
545,154122,II,0.8338,26.14,24.42,24.62,24.59,0.0296428571429,0.807037037037,1.11923076923,1.33769230769,27
546,229627,Ibc,0.8981,99.05,25.64,24.26,24.1,0.197941176471,0.538529411765,1.59363636364,2.3215625,8
547,827605,Ia,0.6095,24.91,23.24,23.08,23.08,0.621428571429,5.30428571429,2.84714285714,1.67333333333,0
548,273278,Ibc,0.3763,25.44,24.34,23.9,23.61,0.163181818182,1.30714285714,1.52578947368,2.32705882353,18
549,78584,Ia,1.0495,99.19,25.07,24.14,23.92,0.128823529412,0.607647058824,1.09411764706,1.24117647059,0
550,157234,Ibc,0.8307,99.02,25.46,24.17,24.02,0.212608695652,0.755454545455,1.42619047619,1.73684210526,8
551,581911,II,0.6879,24.96,23.84,24.25,24.17,0.9224,3.47208333333,1.96041666667,2.48875,27
552,215862,Ibc,0.8538,99.08,25.38,24.21,23.98,-0.285625,0.734285714286,1.95230769231,2.26642857143,8
553,418724,II,0.9421,29.03,26.38,24.94,24.43,0.0412,0.6184,1.3148,1.68458333333,3
554,698964,Ia,0.8097,26.07,23.69,23.01,23.31,0.219655172414,1.45931034483,3.02142857143,3.95142857143,0
555,860863,II,0.4845,24.59,24.23,24.4,24.4,1.21428571429,1.76571428571,1.61,-0.32,19
556,148932,Ia,0.5133,24.97,23.3,23.19,22.91,0.267777777778,5.0625,3.78625,4.77,0
557,92104,Ia,0.9874,29.32,24.86,23.81,23.79,0.345,2.71142857143,3.81285714286,2.50461538462,0
558,170784,II,0.5685,22.67,22.48,22.52,22.6,2.58913043478,5.56409090909,3.618,4.07111111111,2
559,411555,Ia,0.928,35.85,25.34,24.35,24.3,-0.281363636364,1.12409090909,2.14428571429,1.715,0
560,777059,Ia,0.9174,32.05,24.66,23.81,23.85,0.021,1.21888888889,1.37111111111,1.82555555556,0
561,383700,Ibc,0.3595,25.89,24.09,23.8,23.99,0.0990909090909,3.87954545455,4.00095238095,4.2,13
562,187309,Ia,0.9706,28.65,25.24,24.05,24.01,-0.0275,0.5859375,1.720625,2.7528125,0
563,88416,Ia,0.951,28.7,25.16,24.17,24.09,0.107,1.299,1.896,1.36,0
564,120078,Ia,0.7803,26.88,24.55,23.9,23.94,0.058,3.286,2.92636363636,2.845,0
565,564957,Ia,0.7413,26.97,24.46,23.89,23.87,0.578888888889,3.46777777778,3.36888888889,1.76125,0
566,666309,Ibc,0.2666,23.92,23.23,22.87,22.95,3.44,9.62090909091,8.71,7.749,5
567,868350,Ibc,0.9945,98.95,26.3,24.74,24.44,0.358888888889,1.22,2.045,1.26444444444,8
568,636512,Ia,0.8247,26.47,24.2,23.42,23.66,0.70375,1.20875,1.305,1.63375,0
569,552835,Ia,0.8941,27.95,25.14,24.24,24.29,0.537692307692,0.704583333333,0.930434782609,0.573043478261,0
570,102255,II,1.0633,99.0,25.43,24.81,25.22,0.240833333333,2.04583333333,1.0675,0.286363636364,27
571,692436,Ia,0.8268,26.83,24.82,23.89,24.04,0.0156,1.07625,1.67,1.99208333333,0
572,552354,Ibc,0.7238,27.26,24.52,23.89,23.38,0.294,2.824,2.854,3.471,8
573,177606,Ia,0.7898,27.16,24.8,24.04,24.12,-0.167142857143,2.30357142857,3.08,2.69307692308,0
574,672223,Ia,1.0183,56.26,26.24,24.86,24.62,0.163170731707,0.636341463415,1.037,1.64820512821,0
575,50893,II,1.0148,99.03,25.38,24.88,25.5,-0.14,1.51,1.065,1.20230769231,20
576,51922,Ia,0.9278,28.48,24.73,23.93,23.94,0.21875,0.8575,2.260625,1.290625,0
577,830977,Ia,1.0871,98.74,25.72,24.62,24.23,-0.0482352941176,1.38352941176,2.020625,2.79,0
578,402406,Ia,0.8203,26.57,23.98,23.16,23.43,-0.0616666666667,1.26391304348,2.53869565217,3.17608695652,0
579,891244,II,0.979,99.06,24.86,24.71,25.05,0.357333333333,2.964,1.98133333333,1.11142857143,27
580,451427,Ia,0.9429,27.23,24.46,23.68,23.67,0.395454545455,1.66818181818,1.80818181818,1.475,0
581,173266,Ia,0.6598,26.68,24.53,24.21,24.0,-0.0591666666667,2.14,2.12666666667,2.74818181818,0
582,830459,Ibc,0.4311,26.17,24.46,24.12,23.97,0.162,1.71107142857,1.60185185185,2.58851851852,18
583,62211,II,0.4856,24.62,24.54,24.53,24.57,0.374615384615,0.828461538462,1.37538461538,0.882142857143,40
584,88704,Ibc,0.3671,25.98,24.12,23.77,23.99,0.1509375,2.5,3.43709677419,4.52966666667,13
585,213680,II,0.1541,23.68,23.19,22.94,23.15,1.90153846154,4.21666666667,3.48260869565,3.5047826087,4
586,638556,II,0.9595,98.98,24.98,24.97,25.12,0.179285714286,2.07,1.53857142857,1.09769230769,21
587,434792,Ia,0.4507,23.91,22.67,22.6,22.63,2.55888888889,8.04,6.59777777778,6.11111111111,0
588,809915,II,0.4613,26.86,29.24,29.27,26.76,0.893529411765,1.14058823529,1.40764705882,1.43588235294,31
589,135001,Ia,1.0124,55.25,25.04,23.94,23.86,-0.292,2.625,2.83090909091,2.766,0
590,110277,II,0.6105,24.44,23.7,23.91,23.93,2.16,5.96090909091,2.84272727273,2.872,27
591,22471,II,0.3711,23.4,23.59,23.58,23.39,0.426,3.20105263158,3.22,5.01833333333,26
592,13761,Ia,0.9881,52.46,25.52,24.37,24.3,-0.0392105263158,0.876052631579,1.53027027027,1.68555555556,0
593,290849,II,0.6518,24.87,24.06,24.12,23.99,0.236666666667,1.2888,1.51583333333,1.65541666667,42
594,616402,II,0.5262,25.15,24.13,24.4,24.14,-0.02875,1.4747826087,1.62,1.89526315789,32
595,265599,Ia,0.7143,26.03,24.01,23.68,23.65,0.4125,2.01935483871,1.96,2.32555555556,0
596,106883,II,0.3829,26.68,28.46,28.08,26.21,1.92230769231,2.01384615385,2.04923076923,1.73642857143,31
597,720452,Ia,0.9661,28.56,25.12,24.01,24.03,0.253,2.329,2.28181818182,2.025,0
598,456881,II,0.3925,26.41,25.16,24.87,24.74,0.0745454545455,0.87,1.38272727273,0.915,4
599,668637,Ia,0.9913,29.33,24.92,24.03,23.93,0.195,0.8525,1.93333333333,1.87545454545,0
600,695351,II,0.8887,98.98,24.78,24.89,25.18,-0.525714285714,2.93357142857,1.64857142857,1.30384615385,20
601,503962,Ibc,0.5321,25.18,23.12,22.82,22.41,0.943783783784,7.79378378378,8.88722222222,12.7617142857,8
602,666795,Ia,0.285,21.66,21.43,21.39,21.94,9.2425,20.0033333333,19.0870833333,17.3304166667,0
603,761223,Ia,0.786,25.59,23.68,23.17,23.41,0.418333333333,3.02086956522,3.36695652174,4.08565217391,0
604,20346,Ibc,0.398,25.37,23.66,22.87,22.87,0.8625,4.52285714286,3.80714285714,3.83,22
605,45001,II,0.9591,27.25,25.08,24.91,24.91,-0.1228125,0.8940625,1.34625,1.8275,42
606,531112,Ia,1.0177,30.7,25.1,24.1,24.04,-0.008125,0.584666666667,1.05931034483,1.67103448276,0
607,319684,II,0.6274,27.5,25.36,24.76,24.65,0.118333333333,1.203,1.223,1.695,4
608,143155,Ibc,0.3342,24.49,23.67,23.23,23.31,1.15566666667,7.24233333333,7.99133333333,7.98862068966,7
609,401253,Ibc,0.3072,24.49,23.64,23.3,23.23,2.365,6.615,5.7875,5.56181818182,5
610,689383,Ibc,0.3254,24.63,23.72,23.43,23.34,0.892916666667,2.99782608696,2.87130434783,3.04041666667,5
611,228689,II,0.8335,26.08,24.64,24.58,24.52,0.886923076923,3.05153846154,2.91461538462,2.36333333333,42
612,528093,Ibc,0.3314,25.0,24.25,23.79,23.87,1.60714285714,2.87857142857,3.42607142857,2.94857142857,45
613,360938,Ibc,0.8577,98.98,25.52,24.18,23.97,-0.50125,2.09625,2.3425,1.18714285714,8
614,569277,Ibc,0.2482,24.61,24.32,24.01,24.07,0.319545454545,1.26090909091,1.90454545455,2.40636363636,9
615,156473,Ia,0.8272,26.78,24.36,23.52,23.64,0.200588235294,3.80411764706,5.68,6.27424242424,0
616,175911,Ia,0.9379,27.88,24.91,23.99,23.89,-0.036,1.06291666667,2.25041666667,1.94916666667,0
617,496601,II,1.091,99.03,25.89,25.67,25.74,-0.116071428571,1.2275,0.754285714286,0.692592592593,17
618,254144,Ia,0.9632,45.07,24.96,23.92,23.89,0.086,1.21125,1.86958333333,2.69041666667,0
619,755910,Ia,0.8867,28.11,25.01,24.14,24.0,0.0106451612903,0.964333333333,1.40142857143,1.48888888889,0
620,131136,Ibc,0.5255,25.1,23.05,22.74,22.44,0.894,6.54555555556,7.02666666667,7.67555555556,8
621,579804,Ia,0.9306,36.06,24.96,24.07,24.09,-0.0968,0.6275,1.55833333333,1.36041666667,0
622,208531,II,0.7555,23.46,23.22,23.33,23.42,2.03827586207,4.98482758621,3.645,3.84642857143,2
623,207668,Ibc,1.0869,98.96,26.99,25.14,24.54,0.00131578947368,0.586842105263,1.16702702703,1.99277777778,8
624,453501,Ibc,0.9883,99.04,26.31,24.66,24.45,-0.3668,0.869583333333,1.03541666667,1.71,8
625,837898,Ia,0.5915,25.2,23.65,23.42,23.35,0.452121212121,3.398125,2.966,3.21285714286,0
626,538975,II,0.5971,24.51,23.88,23.89,24.07,0.339615384615,1.4492,2.42434782609,1.78428571429,27
627,650774,Ia,1.0514,55.66,25.62,24.37,24.08,0.0775609756098,0.801219512195,1.3785,2.09179487179,0
628,357342,II,0.5323,23.96,23.64,23.55,23.61,0.027,2.19894736842,4.52894736842,4.91210526316,42
629,118700,Ibc,0.9748,99.05,26.2,24.7,24.43,0.103243243243,0.836216216216,1.18,1.80714285714,8
630,882239,Ia,0.9817,29.9,26.09,24.68,24.54,0.121764705882,0.552941176471,0.963333333333,1.241875,0
631,257437,Ia,0.6794,25.73,23.8,23.61,23.59,0.00181818181818,2.68636363636,2.42909090909,2.37363636364,0
632,642943,Ibc,0.7087,99.08,25.62,24.76,24.13,0.19,0.583125,1.24466666667,2.31857142857,22
633,455630,Ia,1.0437,99.4,25.78,24.33,24.18,-0.101290322581,0.484193548387,0.884193548387,0.991,0
634,666205,II,0.481,23.45,23.4,23.38,23.42,3.5725,7.60375,6.45375,5.46066666667,27
635,257258,Ia,0.5642,26.45,24.22,23.87,23.61,0.224545454545,2.42818181818,2.89818181818,2.75272727273,0
636,848711,Ia,0.9547,30.67,25.64,24.57,24.34,-0.0243902439024,1.30829268293,1.324,2.34666666667,0
637,9881,Ia,0.9459,40.62,25.21,24.14,24.07,0.159166666667,2.08666666667,3.055,3.11090909091,0
638,624173,Ia,0.9604,27.65,24.35,23.48,23.55,0.109642857143,1.04407407407,1.41,1.51652173913,0
639,372900,II,0.7853,26.14,24.41,24.74,24.94,0.605714285714,1.53714285714,1.12428571429,0.959285714286,20
640,151380,Ibc,0.457,25.17,23.46,23.13,22.96,0.0608695652174,2.22909090909,2.2415,2.81277777778,1
641,5499,Ia,0.9994,56.07,26.08,24.84,24.77,-0.0529411764706,0.844705882353,1.46441176471,1.41272727273,0
642,434549,Ia,1.0643,55.72,25.7,24.51,24.25,0.135172413793,0.785862068966,0.966333333333,1.03689655172,0
643,250748,Ibc,0.5892,26.13,24.33,24.65,24.28,0.414583333333,2.11652173913,1.44652173913,2.01217391304,29
644,664443,Ia,0.723,27.01,24.56,24.03,23.9,-0.108387096774,1.448,1.40821428571,1.85259259259,0
645,204954,Ibc,0.9868,99.01,26.32,24.62,24.46,0.215238095238,0.570952380952,1.43523809524,1.528,8
646,500884,II,1.0385,98.96,25.45,24.98,25.18,-0.147,1.665,0.98,0.585555555556,42
647,841011,Ibc,0.3346,26.4,24.67,24.03,23.88,0.23,3.1325,3.295,4.08090909091,11
648,397778,II,0.9629,98.94,25.19,25.03,25.22,-0.0387804878049,1.13365853659,1.036,1.25025641026,24
649,216651,Ibc,0.6848,98.97,25.49,24.8,24.03,0.445609756098,0.975609756098,1.47225,2.75307692308,22
650,675157,Ia,0.8757,26.51,24.44,23.56,23.65,0.0789285714286,0.793076923077,1.6412,2.0076,0
651,676712,Ia,0.7391,25.77,23.86,23.48,23.47,0.0377777777778,1.47846153846,1.64875,2.035,0
652,888634,Ibc,0.5374,99.07,24.46,23.79,23.56,0.533103448276,0.892413793103,2.12586206897,2.77571428571,22
653,544843,Ia,0.9257,28.78,25.41,24.29,24.23,0.0776666666667,0.441666666667,0.859,1.46172413793,0
654,768053,Ibc,0.773,29.27,24.78,23.9,23.52,-0.19,1.355,1.13333333333,1.14833333333,8
655,808773,II,0.8284,25.93,24.6,24.82,24.81,0.522068965517,0.750689655172,1.05620689655,1.99586206897,21
656,548378,Ia,0.7066,26.35,23.98,23.65,23.55,0.248620689655,1.74103448276,2.46357142857,3.80142857143,0
657,301342,Ia,0.9506,27.96,25.17,24.26,24.1,-0.134117647059,0.900294117647,2.32617647059,3.40363636364,0
658,443045,II,0.5211,23.79,23.83,23.87,23.86,1.55428571429,3.77384615385,2.37166666667,2.26583333333,21
659,315169,Ia,0.9986,28.14,25.32,24.23,24.12,-0.163,0.935,2.039,2.02888888889,0
660,885182,Ia,0.8615,28.09,25.01,23.93,23.99,-0.146,0.800416666667,1.8375,2.02958333333,0
661,2192,Ia,0.9362,37.22,24.75,23.87,23.85,-0.110740740741,0.435384615385,0.577083333333,0.794090909091,0
662,204652,II,0.6213,25.59,24.6,24.84,24.81,-0.06,0.907407407407,0.732,0.477916666667,26
663,224676,Ibc,0.3704,26.99,25.07,24.29,24.13,0.157826086957,0.913636363636,1.50090909091,1.53727272727,11
664,754333,Ia,0.949,28.15,24.55,23.99,23.84,0.117352941176,1.28794117647,2.15727272727,2.9278125,0
665,559341,II,0.8501,99.0,25.25,25.31,25.35,0.123076923077,2.05,1.58615384615,0.908461538462,17
666,534663,Ia,1.0569,55.92,25.91,24.61,24.33,-0.0821428571429,0.86,1.895,1.60846153846,0
667,324835,Ia,0.934,37.3,25.2,24.25,24.21,-0.0635294117647,0.233529411765,1.23303030303,2.06375,0
668,406363,Ia,0.4212,23.09,22.19,22.2,22.44,0.975454545455,4.76380952381,5.8715,5.4375,0
669,841552,Ibc,0.1727,23.94,23.48,23.4,23.33,1.53285714286,5.26142857143,3.66571428571,4.08285714286,9
670,390937,II,1.064,26.36,24.15,24.46,24.47,0.4228125,5.0590625,3.23875,3.05,30
671,558173,Ia,0.9519,28.82,25.36,24.32,24.25,0.0104761904762,1.03857142857,1.91857142857,1.5395,0
672,713992,Ibc,0.9087,99.01,25.84,24.39,24.17,-0.0217647058824,1.65676470588,2.85176470588,3.65363636364,8
673,183166,II,0.7661,25.8,24.64,24.61,24.35,0.326666666667,0.787,1.44473684211,2.01388888889,42
674,869659,Ia,0.8422,28.45,25.14,24.1,24.22,-0.0259259259259,0.441538461538,1.25375,1.34739130435,0
675,35430,Ia,0.9035,27.98,24.21,23.3,23.33,0.157142857143,1.01285714286,1.16428571429,1.65428571429,0
676,724902,Ia,0.9366,37.49,24.68,23.74,23.7,-0.0628571428571,3.70071428571,4.90642857143,3.90076923077,0
677,268370,Ia,0.7372,26.28,24.3,23.93,23.92,0.0791666666667,1.62545454545,1.377,1.348,0
678,476842,Ibc,0.5887,26.03,23.72,23.3,22.74,0.23275862069,2.095,2.00230769231,3.5776,8
679,179093,Ibc,0.3673,24.97,24.02,23.6,23.55,0.268,2.03944444444,2.22941176471,2.19529411765,7
680,869346,Ibc,0.5103,25.22,23.25,23.05,22.86,0.398235294118,2.87,2.73882352941,3.91117647059,1
681,143825,Ia,0.9348,37.41,25.04,23.97,23.91,0.304444444444,1.31666666667,3.112,1.56222222222,0
682,431488,Ia,0.5826,25.89,23.92,23.66,23.48,0.0575,2.60857142857,1.54571428571,1.98857142857,0
683,271797,II,0.9238,25.5,23.74,24.22,24.03,0.29375,2.76571428571,1.92571428571,1.7,30
684,400913,II,0.763,25.51,24.23,24.49,24.31,0.495789473684,3.12473684211,1.64789473684,1.44333333333,27
685,370921,Ia,0.6348,25.57,23.05,23.07,23.07,0.409615384615,2.6828,1.76608695652,2.90952380952,0
686,665619,II,0.8364,26.2,24.41,24.65,24.51,0.334,3.061,1.36,0.868888888889,27
687,812727,II,0.8463,99.05,25.53,25.3,25.25,-0.0334482758621,0.925862068966,0.791379310345,1.51142857143,36
688,1537,Ibc,0.3367,25.48,23.97,23.67,23.85,1.02166666667,5.98583333333,5.11,4.63909090909,13
689,518972,II,1.0855,99.02,25.73,25.18,25.54,-0.193333333333,1.00433333333,0.987931034483,0.681071428571,20
690,499001,Ibc,0.4517,24.4,22.63,22.34,22.08,0.777083333333,6.64708333333,6.83708333333,12.3058333333,8
691,85082,II,0.4658,24.73,24.34,24.34,24.09,1.6825,2.94375,1.55,1.12625,34
692,58077,Ibc,0.4038,24.71,24.05,23.79,23.88,0.512352941176,1.06588235294,1.16588235294,1.16,16
693,702570,II,0.5796,27.24,29.29,29.4,28.5,0.218888888889,0.905769230769,0.708333333333,1.05260869565,31
694,253237,Ia,0.9756,28.23,25.89,24.16,24.18,0.06,-0.0545454545455,1.37181818182,0.634545454545,0
695,282292,Ia,0.704,25.24,23.66,23.41,23.43,1.05666666667,5.07777777778,4.49777777778,2.72777777778,0
696,255445,Ibc,0.3834,24.76,24.89,24.7,24.36,2.05666666667,3.03333333333,2.52888888889,2.67,14
697,497727,Ibc,0.3579,24.43,23.82,23.52,24.68,0.270769230769,2.60615384615,2.72307692308,1.87230769231,10
698,842770,II,0.8568,99.0,25.57,25.11,25.32,0.435,1.314,1.2,0.684444444444,32
699,688777,Ia,0.5986,24.75,23.13,23.09,23.08,0.0491304347826,1.61136363636,1.2425,2.46222222222,0
700,350022,Ibc,0.5611,25.72,23.42,23.05,22.64,0.460909090909,6.75545454545,6.58,7.48363636364,8
701,169512,Ia,0.8577,26.73,24.28,23.53,23.62,0.205714285714,1.40615384615,1.6336,2.116,0
702,27305,II,0.91,98.97,25.78,25.31,25.54,-0.338620689655,0.633103448276,0.492068965517,0.316428571429,32
703,573107,Ia,0.2834,21.9,21.6,21.57,22.03,8.91727272727,20.3136363636,18.4427272727,12.9190909091,0
704,121332,II,0.9505,27.15,25.07,24.97,24.92,0.192777777778,1.26277777778,0.912857142857,2.01941176471,42
705,21378,Ibc,0.4156,24.51,23.6,23.57,23.31,1.42571428571,3.86107142857,3.23285714286,4.34888888889,29
706,377881,Ibc,0.6154,99.0,24.95,24.41,23.83,0.112068965517,1.09034482759,1.68344827586,3.61,22
707,345695,Ia,0.6245,25.48,23.85,23.47,23.3,0.25,3.0709375,2.61066666667,3.82703703704,0
708,526120,Ia,1.0316,100.0,26.67,24.43,24.42,0.369615384615,0.122307692308,1.2144,1.25208333333,0
709,145372,Ibc,0.2744,23.78,23.38,23.36,24.89,0.44,3.08884615385,1.7925,0.885652173913,10
710,32570,II,1.0796,24.34,24.04,23.93,23.88,1.92351351351,4.93216216216,3.67,4.41028571429,2
711,94078,Ibc,0.415,25.32,23.88,23.62,23.69,0.545625,4.0875,3.915,4.73533333333,23
712,479638,Ia,0.9539,42.95,25.38,24.3,24.27,-0.0540625,0.565,1.23548387097,1.58,0
713,10304,Ibc,0.5288,25.47,23.96,24.35,23.94,1.08702702703,5.3972972973,3.12916666667,4.708,29
714,293841,Ia,0.951,29.37,25.81,24.6,24.5,0.00416666666667,0.6075,1.2025,1.62727272727,0
715,738906,Ibc,1.0287,99.01,26.61,24.88,24.56,-0.1584,0.3652,1.3692,1.11666666667,8
716,716210,Ibc,0.8125,98.96,25.28,24.11,23.87,0.454666666667,0.845862068966,1.04555555556,1.89346153846,8
717,177887,II,0.758,25.56,24.14,24.39,24.33,0.289,1.25233333333,2.05344827586,2.57862068966,27
718,340580,Ia,0.7051,25.29,23.74,23.42,23.31,0.707096774194,2.62833333333,2.86,3.74269230769,0
719,398496,Ibc,0.4305,24.59,23.77,23.71,23.44,1.72483870968,6.56516129032,5.11903225806,8.10064516129,29
720,204839,II,0.904,98.94,25.37,25.29,25.42,-0.341363636364,1.64904761905,1.2380952381,1.22761904762,17
721,534235,II,0.348,23.41,23.75,23.81,23.66,4.2075,2.28,1.43125,2.12875,44
722,190884,II,0.8894,99.03,25.26,25.31,25.47,0.07625,2.26833333333,1.94827586207,1.54896551724,17
723,308461,Ia,0.9659,28.69,24.47,23.9,23.83,-0.0841666666667,1.68833333333,1.63916666667,2.16818181818,0
724,11224,Ibc,0.3853,25.24,24.24,23.81,23.8,0.77,3.51428571429,3.62142857143,4.10153846154,5
725,149461,Ia,0.8135,26.15,23.99,23.27,23.51,0.69875,3.65875,3.06888888889,1.1375,0
726,186012,Ia,0.2241,21.03,20.86,20.88,21.44,6.670625,25.395625,24.514375,22.695625,0
727,64677,Ia,0.6379,26.45,24.25,23.92,23.84,0.406,1.91571428571,1.42235294118,2.42575757576,0
728,291166,II,1.0345,99.03,25.19,24.78,25.13,-0.108333333333,0.987222222222,0.936571428571,1.66235294118,27
729,799474,Ia,0.949,28.57,24.78,23.93,23.85,0.0890909090909,0.9828125,1.614,1.70785714286,0
730,17270,Ibc,1.0921,98.93,27.07,25.16,24.59,-0.108292682927,0.432926829268,0.61575,1.55948717949,8
731,233912,Ia,0.627,24.79,23.15,23.07,23.11,0.425172413793,3.33481481481,3.04961538462,3.82384615385,0
732,648536,Ibc,0.2947,24.61,24.02,23.49,23.65,0.617777777778,2.16115384615,2.7612,3.454,45
733,384364,Ibc,0.4317,24.94,23.86,23.77,23.56,0.2144,1.81916666667,1.91260869565,2.97285714286,29
734,298344,Ia,0.9221,33.09,24.38,23.54,23.6,-0.191764705882,1.95764705882,3.35484848485,4.2034375,0
735,59711,Ia,0.5811,25.48,23.72,23.62,23.5,0.488148148148,1.645,1.4304,2.4312,0
736,590175,Ia,0.8307,26.85,24.54,23.72,23.93,0.0235714285714,0.502307692308,1.13,1.194,0
737,335829,Ibc,0.493,98.91,24.13,23.52,23.33,-0.3825,5.025,5.26,5.55909090909,22
738,554490,Ibc,0.4047,25.24,23.93,23.57,23.64,0.291428571429,1.66423076923,1.986,2.34,23
739,286117,II,0.6069,24.57,24.52,24.47,24.74,0.456153846154,0.857692307692,0.986153846154,0.797142857143,43
740,816754,Ibc,0.3408,24.75,23.89,23.43,23.5,0.386153846154,3.10461538462,4.52153846154,3.77,7
741,459753,Ibc,0.3435,25.22,24.43,23.82,23.99,1.74821428571,3.09571428571,3.54379310345,2.63068965517,45
742,11366,Ia,0.6822,26.45,24.53,23.97,23.75,0.009375,2.1109375,3.314375,5.670625,0
743,880486,Ia,0.7302,27.17,24.22,23.83,23.82,-0.2108,1.43541666667,1.18291666667,2.055,0
744,372044,Ibc,0.7603,27.52,24.69,23.81,23.52,0.123529411765,2.80617647059,4.20058823529,6.30727272727,8
745,592663,II,0.7933,25.83,24.3,24.62,24.44,0.2616,1.65625,1.09333333333,1.71458333333,27
746,396017,Ibc,0.8263,99.01,25.29,24.12,23.89,0.2546875,1.02466666667,1.21896551724,2.34586206897,8
747,246925,Ia,0.991,28.73,24.92,24.1,24.01,0.344666666667,0.887692307692,1.9275,1.41769230769,0
748,108763,Ia,0.6979,25.65,23.62,23.4,23.37,0.219,3.70111111111,3.46666666667,3.07,0
749,851132,Ibc,0.6659,26.48,23.96,23.5,22.99,0.334166666667,2.70434782609,2.83,4.51608695652,8
750,641813,Ibc,0.2187,22.77,22.47,22.19,22.18,0.9315,4.73263157895,5.00631578947,5.99421052632,23
751,601693,II,0.7118,25.35,24.1,24.44,24.23,0.421176470588,2.33588235294,1.655625,1.97125,27
752,6915,Ia,0.6022,25.28,23.58,23.34,23.23,0.415384615385,5.05,4.15,4.19230769231,0
753,272740,Ibc,0.7888,99.09,26.41,25.03,24.53,-0.328333333333,0.613333333333,1.62,1.58636363636,22
754,170015,Ia,0.5945,24.99,23.33,23.15,23.12,0.414444444444,3.02269230769,2.6828,4.206,0
755,309619,Ia,0.8597,27.18,24.68,23.9,24.0,-0.135526315789,1.72210526316,2.43243243243,2.60388888889,0
756,432516,Ia,0.5344,23.81,22.31,22.59,22.61,2.66625,13.8575,7.83222222222,4.755,0
757,233567,Ia,0.7457,25.54,23.96,23.45,23.53,-0.145769230769,1.49,1.50958333333,2.7925,0
758,625130,Ia,0.5212,24.31,22.88,22.91,22.93,0.303,2.24052631579,2.81210526316,4.16526315789,0
759,335892,Ibc,0.3601,26.21,25.0,24.3,23.91,-0.225833333333,1.82666666667,2.9,3.13636363636,28
760,337489,Ia,0.4945,24.73,23.08,23.19,23.06,0.574583333333,2.88304347826,2.91772727273,3.67318181818,0
761,60303,II,0.9427,24.36,24.09,23.91,23.92,0.381481481481,1.53884615385,1.15958333333,1.43136363636,2
762,377225,Ibc,0.5069,25.88,24.46,24.52,24.56,0.1824,0.6925,1.39958333333,1.52583333333,10
763,147064,II,0.6842,25.04,24.16,24.22,24.16,0.25,1.13,1.93375,2.80833333333,42
764,538261,Ia,0.9825,50.47,25.06,24.01,23.96,-0.0326470588235,1.98323529412,3.34911764706,3.80393939394,0
765,159061,Ia,0.9525,27.68,24.8,23.99,23.87,0.1852,1.11166666667,1.65083333333,2.30291666667,0
766,139373,Ibc,0.4565,25.47,24.25,24.05,24.55,0.550833333333,3.43833333333,2.94666666667,2.33818181818,10
767,504427,II,0.3993,25.35,24.05,23.81,23.55,0.265,3.35869565217,2.78095238095,3.98263157895,3
768,139035,Ia,0.6113,26.93,24.16,23.94,23.82,0.114736842105,3.36894736842,2.58864864865,3.41055555556,0
769,506185,II,0.7472,24.24,23.57,23.78,23.66,0.90875,4.95695652174,3.89863636364,3.924,30
770,679277,II,0.9095,26.77,24.99,24.83,24.8,0.656666666667,2.34222222222,1.51666666667,0.29875,42
771,819380,II,0.9338,25.36,23.76,24.27,24.09,0.867647058824,3.28411764706,1.95823529412,2.64588235294,30
772,32031,Ibc,0.6637,99.03,25.33,24.59,23.98,-0.275555555556,0.402222222222,1.51222222222,2.92962962963,22
773,294808,Ia,0.8617,27.51,25.09,24.15,24.04,0.0993939393939,1.03060606061,1.66,2.10709677419,0
774,414116,Ia,0.8718,27.19,24.63,23.82,23.93,0.175714285714,2.34857142857,3.10071428571,3.14461538462,0
775,288539,Ia,0.8767,27.39,24.69,23.77,23.86,0.401363636364,0.4265,1.62473684211,1.69526315789,0
776,576326,Ia,0.9911,28.15,25.5,24.47,24.27,0.325588235294,1.37823529412,2.70676470588,3.02606060606,0
777,338080,Ia,0.4067,22.94,22.08,22.21,22.48,1.114,7.33894736842,5.78684210526,5.71631578947,0
778,204236,Ia,0.4397,23.78,22.69,22.66,22.8,1.13814814815,6.55555555556,7.12269230769,7.18653846154,0
779,73118,II,0.8403,29.09,26.67,25.53,25.2,0.0844736842105,0.899736842105,1.1472972973,1.58777777778,3
780,432632,Ia,0.7679,25.76,23.69,23.1,23.24,0.134516129032,2.208,2.83321428571,3.09846153846,0
781,39368,II,0.7564,25.7,24.28,24.6,24.29,0.234814814815,1.12038461538,0.535833333333,1.39090909091,27
782,100914,II,1.0185,99.0,25.06,24.69,25.12,0.05775,1.79375,1.65025641026,1.15815789474,27
783,402931,Ibc,0.4451,25.78,24.05,23.78,23.83,0.657619047619,1.631,1.554,2.238,23
784,717332,Ia,0.8888,27.86,24.87,23.94,23.94,0.713333333333,1.645,1.58,1.61625,0
785,122914,II,0.8043,26.1,24.45,24.61,24.51,0.0736,1.30083333333,1.13043478261,1.01714285714,27
786,80059,II,0.2157,22.91,23.24,23.12,23.45,5.86,8.27888888889,6.61111111111,3.60222222222,12
787,221509,Ia,0.807,26.67,24.41,23.64,23.87,-0.247647058824,1.27823529412,1.68117647059,1.71117647059,0
788,794885,Ibc,0.2105,22.6,22.48,22.31,22.42,6.17933333333,14.2473333333,14.5666666667,13.3428571429,16
789,312500,Ia,0.3417,23.49,22.52,22.35,22.46,1.66074074074,6.14148148148,6.56321428571,6.13740740741,0
790,322067,Ibc,0.4561,24.36,22.67,22.34,22.05,3.57555555556,14.0947222222,12.482,16.6720588235,8
791,497449,Ia,0.7189,26.23,24.42,24.0,23.87,0.728387096774,2.93322580645,3.03516129032,3.46866666667,0
792,826129,Ibc,0.6169,26.42,24.44,24.69,24.3,0.295625,1.190625,0.676875,1.495,29
793,112894,Ibc,0.5635,25.98,24.23,24.5,24.23,0.108888888889,1.5412,0.58875,1.05208333333,29
794,727848,Ia,0.8014,26.35,24.26,23.52,23.78,0.065625,1.49266666667,1.95689655172,2.3,0
795,241571,Ibc,0.9245,28.47,26.05,24.52,24.35,0.0471428571429,0.294285714286,0.916785714286,1.46259259259,1
796,277249,Ibc,0.8212,99.06,25.2,23.94,23.88,-0.134375,1.057,1.43448275862,2.19896551724,8
797,319928,Ibc,0.5699,98.96,24.77,24.0,23.69,0.147692307692,0.968333333333,1.13826086957,1.87217391304,22
798,444855,Ibc,0.4769,27.64,24.9,24.51,24.58,-0.00846153846154,0.560769230769,1.172,1.4076,13
799,721695,II,0.4185,23.65,23.75,23.86,23.82,2.32428571429,4.61333333333,3.08166666667,1.295,17
800,151306,Ibc,0.3954,24.49,23.22,22.75,22.81,-0.1535,1.12263157895,1.435,2.24722222222,1
801,528530,Ia,0.7769,27.03,24.54,23.75,23.82,-0.196428571429,0.566923076923,1.4072,2.1188,0
802,867062,Ibc,1.0599,99.03,26.91,24.95,24.63,-0.0915625,0.52875,1.7496875,1.99838709677,8
803,338995,II,0.6906,25.1,24.12,24.53,24.47,0.19,1.74909090909,1.335,1.95045454545,21
804,886589,Ibc,0.5476,98.97,24.53,23.87,23.55,-0.183703703704,0.576296296296,1.44653846154,3.15576923077,22
805,106591,II,0.6073,24.4,23.7,23.89,24.03,1.68714285714,4.72285714286,1.14571428571,1.60333333333,27
806,628949,Ia,0.8826,27.06,24.77,24.0,24.03,0.197142857143,0.948076923077,1.0636,1.4516,0
807,549554,Ibc,0.6722,98.97,25.37,24.66,23.97,0.0821052631579,0.703157894737,2.02789473684,2.79333333333,22
808,866369,Ia,0.8648,28.08,24.4,23.7,23.86,-0.29037037037,0.331923076923,1.3836,1.4992,0
809,504522,Ia,0.7564,27.23,24.66,23.99,24.04,0.0364285714286,0.752142857143,1.11862068966,1.62642857143,0
810,547441,Ibc,0.3977,26.65,25.26,24.49,24.27,0.0713793103448,1.07068965517,1.42137931034,2.30206896552,28
811,857358,Ia,0.8108,27.06,24.78,23.84,24.18,-0.0709375,0.513225806452,1.27896551724,1.27807692308,0
812,763181,Ia,0.8533,26.93,24.5,23.74,23.87,0.0858064516129,0.372903225806,1.06366666667,1.89724137931,0
813,536302,Ibc,0.9506,99.03,26.15,24.44,24.27,-0.0778787878788,1.41333333333,2.62484848485,2.6409375,8
814,780772,Ia,1.0926,98.91,25.12,24.18,23.96,0.121666666667,1.85666666667,1.64666666667,2.04181818182,0
815,386226,II,0.7489,25.85,24.74,25.05,24.98,0.560625,2.1525,1.339375,1.133125,17
816,661030,Ia,0.7737,26.05,23.54,23.06,23.27,-0.0222222222222,6.00111111111,5.73333333333,3.3975,0
817,43516,Ibc,0.4417,25.82,24.45,23.98,23.91,-0.0273333333333,1.096,1.29533333333,1.463125,7
818,44147,Ibc,0.6088,26.22,23.69,23.39,22.84,-0.276071428571,1.80444444444,1.9208,3.55166666667,8
819,705643,Ia,0.87,28.21,24.73,23.79,23.94,0.1465625,0.719,1.75172413793,1.76896551724,0
820,625242,Ia,0.6762,25.76,23.91,23.66,23.54,0.471428571429,6.11214285714,4.24928571429,5.21153846154,0
821,713955,Ia,1.0745,99.15,25.65,24.23,24.01,-0.111666666667,0.218965517241,0.22037037037,0.7008,0
822,871070,Ibc,0.5508,25.34,23.19,22.95,22.5,0.8688,5.17166666667,4.99333333333,7.39666666667,8
823,455754,Ibc,0.9372,98.99,26.04,24.39,24.29,-0.0324390243902,1.35707317073,2.3905,2.81897435897,8
824,813980,Ibc,0.969,99.01,26.18,24.6,24.38,-0.146470588235,0.589411764706,0.810588235294,0.766470588235,8
825,548665,II,0.2636,22.6,22.68,22.48,23.01,2.842,4.758,4.028,1.756,32
826,157764,Ia,0.7114,25.65,23.77,23.54,23.5,0.0909090909091,1.75,2.59,1.83833333333,0
827,55106,Ibc,0.4044,26.15,24.76,24.16,24.3,0.742857142857,2.25285714286,2.24571428571,0.685,45
828,186320,Ia,0.6171,24.82,23.07,22.96,22.99,0.536071428571,4.20384615385,3.5648,5.1524,0
829,500055,II,0.918,28.87,26.24,24.88,24.48,0.0438888888889,0.526111111111,1.72514285714,3.07470588235,3
830,56807,Ia,0.9186,33.22,25.32,24.31,24.31,0.124411764706,1.53029411765,2.76794117647,2.88757575758,0
831,202733,Ibc,0.9386,98.96,26.02,24.47,24.23,-0.142894736842,1.13131578947,1.77702702703,2.67638888889,8
832,166047,II,0.5465,23.87,23.65,23.65,23.82,1.04285714286,2.956,3.5685,4.288,27
833,413458,II,0.5961,26.37,25.13,24.95,25.1,0.3212,1.57833333333,1.1625,1.51958333333,35
834,437454,Ia,0.993,28.74,25.11,23.86,23.84,0.511666666667,1.34916666667,2.28916666667,1.44181818182,0
835,26401,II,0.8285,24.19,23.97,24.05,24.02,1.4075,3.12913043478,2.26739130435,2.45695652174,2
836,773148,Ibc,0.863,98.95,25.42,24.07,23.94,-0.132142857143,2.04357142857,4.16,4.52230769231,8
837,840063,Ia,0.7947,25.75,23.93,23.21,23.49,0.8,3.5175,3.83625,1.14,0
838,830591,Ibc,1.0825,99.08,27.03,25.15,24.53,-0.209459459459,0.355135135135,0.77,1.29657142857,8
839,130051,Ibc,0.2884,25.35,24.3,23.7,23.5,0.96625,2.15857142857,2.82142857143,3.11571428571,28
840,279950,Ibc,0.3505,25.3,24.48,23.83,24.04,1.72444444444,3.24444444444,4.03392857143,2.43392857143,45
841,751550,Ibc,0.9683,99.04,26.21,24.65,24.33,0.109473684211,1.04,1.54842105263,1.65722222222,8
842,586805,II,0.023,17.36,17.22,17.71,16.99,53.0713636364,53.7504545455,53.7195454545,53.7663636364,32
843,446390,Ia,0.8985,28.4,25.39,24.41,24.34,0.180476190476,0.601428571429,1.28285714286,1.5405,0
844,458122,Ia,0.7234,25.97,23.99,23.67,23.73,0.165333333333,1.26206896552,1.11111111111,1.45961538462,0
845,598502,Ibc,0.8411,99.08,25.44,24.0,23.88,0.219166666667,1.99333333333,4.0225,3.70181818182,8
846,315011,Ibc,0.8594,98.94,25.53,24.21,23.97,0.120909090909,1.54,3.32454545455,2.946,8
847,236522,Ia,1.0563,55.33,25.26,24.06,23.8,0.306176470588,1.19647058824,2.87764705882,4.31575757576,0
848,265986,Ibc,0.6138,26.08,23.66,23.32,22.8,0.42,2.04961538462,2.8504,5.726,8
849,814522,Ibc,0.8351,98.97,25.31,24.03,23.89,0.0988235294118,1.84705882353,2.65352941176,2.971875,8
850,562592,Ibc,0.843,99.04,25.37,24.06,24.0,0.0732352941176,2.17176470588,3.61411764706,4.25696969697,8
851,532838,Ibc,0.8623,99.08,25.49,24.11,24.03,-0.000588235294118,2.20147058824,3.39117647059,3.74272727273,8
852,267766,Ibc,0.3522,24.11,23.73,23.48,23.55,0.50375,2.4940625,3.00935483871,2.90483870968,16
853,79713,Ibc,0.3417,24.81,23.9,23.43,23.47,0.6804,2.2884,2.464,2.67541666667,5
854,850080,Ibc,0.9235,99.01,25.89,24.37,24.24,0.0265789473684,1.30815789474,2.05918918919,2.51583333333,8
855,692901,Ia,1.0516,98.96,25.23,24.12,23.95,-0.144390243902,1.75463414634,2.83325,3.69923076923,0
856,527860,Ia,0.8105,27.59,24.77,23.94,24.12,-0.161851851852,0.94037037037,0.94,1.62962962963,0
857,681317,Ia,0.8467,27.06,24.63,23.86,23.96,-0.0446428571429,0.824615384615,0.7024,0.77,0
858,335565,Ibc,0.9458,98.99,26.03,24.51,24.32,0.420303030303,0.823333333333,1.26125,1.65064516129,8
859,849698,Ia,0.7137,26.1,24.03,23.67,23.71,0.379375,1.95258064516,2.09551724138,2.47592592593,0
860,772371,Ia,1.0669,55.73,25.7,24.49,24.21,-0.249705882353,1.05588235294,1.93382352941,1.81090909091,0
861,129297,Ibc,0.5888,26.04,24.3,24.65,24.27,0.4725,2.7546875,1.95225806452,3.344,29
862,896831,Ia,1.007,55.49,25.26,24.13,24.1,0.113125,0.556666666667,1.24172413793,1.42172413793,0
863,723470,Ia,0.7183,26.13,24.03,23.6,23.57,0.060625,2.011,1.87724137931,2.7075862069,0
864,90711,Ia,0.7762,27.22,24.98,24.17,24.11,0.336875,1.00741935484,1.21931034483,1.1262962963,0
865,101837,Ibc,0.5976,27.28,24.8,24.83,24.32,0.0363157894737,1.75973684211,1.17027027027,1.68722222222,23
866,339760,II,0.5313,23.86,23.62,23.56,23.75,0.574615384615,1.80708333333,2.47913043478,2.45130434783,27
867,423868,II,0.6702,25.14,24.29,24.63,24.54,0.134705882353,2.35705882353,1.05875,1.18625,21
868,505929,II,0.4904,24.37,24.14,24.01,24.12,1.044,3.518,2.627,2.65666666667,26
869,397103,Ia,0.7759,27.07,24.78,24.05,24.15,0.0575862068966,1.0675862069,1.75866666667,1.25620689655,0
870,231754,Ia,1.0366,55.33,25.28,24.09,23.9,0.0290909090909,0.631875,1.64533333333,1.67535714286,0
871,650260,Ibc,0.4942,25.29,23.83,24.14,23.79,1.03307692308,7.09538461538,3.33769230769,4.60416666667,29
872,566440,Ibc,0.6096,26.38,24.45,24.69,24.3,0.531666666667,3.54833333333,2.0,1.99636363636,29
873,340761,Ia,0.8479,26.89,24.48,23.69,23.83,0.300588235294,2.46588235294,3.98939393939,4.94484848485,0
874,12953,Ia,0.7992,26.36,24.32,23.64,23.85,0.403529411765,1.41882352941,2.41181818182,2.9675,0
875,110823,Ia,0.5829,24.97,23.29,23.22,23.26,0.23347826087,1.12,0.723,1.44111111111,0
876,885313,II,0.4325,24.47,23.89,23.8,23.66,0.509130434783,2.49681818182,1.57,1.84111111111,36
877,642871,Ia,0.7167,26.31,24.17,23.64,23.58,0.541,4.507,4.16181818182,3.955,0
878,675220,Ia,0.9203,33.6,25.05,24.0,23.91,-0.1304,0.876666666667,1.42791666667,2.41125,0
879,800532,II,0.7946,28.51,26.19,25.17,24.81,-0.282571428571,0.471714285714,0.973939393939,1.6075,4
880,437303,II,0.6948,25.07,23.87,24.21,24.13,0.43125,2.41608695652,1.80086956522,2.66782608696,27
881,263095,Ia,0.9613,28.96,24.99,24.14,24.07,0.233658536585,1.77195121951,2.6875,2.87717948718,0
882,651707,II,0.9127,26.74,24.96,24.79,24.74,0.5064,1.56375,0.94625,1.63291666667,42
883,670880,Ia,0.1932,21.21,21.07,21.16,21.62,12.6211538462,22.4888,17.352173913,13.6704545455,0
884,158240,Ibc,1.0253,98.98,26.63,24.87,24.46,0.035625,0.98125,1.74133333333,2.58142857143,8
885,615678,Ia,0.868,27.65,24.56,23.56,23.77,-0.14,1.20066666667,2.24517241379,2.28689655172,0
886,352177,II,0.7623,25.66,24.42,24.37,24.35,0.145,1.75347826087,1.76608695652,2.53434782609,42
887,487816,II,0.3225,22.67,22.6,22.61,22.36,5.31,7.53428571429,4.80428571429,5.49285714286,42
888,507708,Ia,0.715,25.13,23.32,23.11,23.05,0.945555555556,4.77222222222,4.71555555556,3.873,0
889,705161,Ibc,0.3934,25.22,24.25,23.68,23.75,-0.19347826087,1.36434782609,2.52739130435,2.99,7
890,237852,Ibc,0.3408,22.95,21.97,21.47,21.3,6.44117647059,17.4723529412,17.7284848485,21.0946875,8
891,551716,Ibc,0.9333,99.03,26.01,24.41,24.24,0.236,0.489583333333,1.59291666667,2.00125,8
892,346997,Ia,0.8517,26.96,24.12,23.34,23.61,-0.145666666667,1.1025,1.71296296296,2.1337037037,0
893,114625,Ia,0.8974,27.61,24.79,23.92,23.9,-0.0387878787879,0.8771875,1.311,1.21607142857,0
894,227443,Ia,0.9096,27.95,24.2,23.57,23.64,0.390526315789,1.03333333333,1.35166666667,1.74666666667,0
895,532163,Ibc,0.5154,25.13,23.06,22.82,22.33,0.868571428571,3.68269230769,3.8108,6.6984,8
896,123521,Ibc,0.8511,99.0,25.48,24.09,24.04,0.172,1.04333333333,1.45666666667,1.61666666667,8
897,791820,II,0.53,23.9,23.63,23.52,23.79,0.913571428571,3.11807692308,3.3568,3.7308,27
898,282122,Ibc,0.4941,98.96,24.33,23.71,23.36,-0.236071428571,0.85037037037,1.4436,2.27125,22
899,727053,Ibc,0.8651,98.97,25.69,24.28,24.15,-0.0188888888889,0.978888888889,1.60777777778,1.36888888889,8
900,661872,Ia,0.7581,26.63,24.47,23.91,23.92,0.253333333333,3.18916666667,2.95,3.00090909091,0
901,155990,Ibc,0.4834,99.07,24.14,23.5,23.34,-0.000833333333333,4.5975,4.1925,4.96,22
902,466483,II,0.1185,22.95,22.67,22.52,22.61,4.08444444444,10.3725,7.7575,7.52375,4
903,75970,II,0.8436,24.8,23.64,23.95,23.7,1.49818181818,7.86363636364,5.50363636364,5.236,30
904,165767,II,0.4873,23.91,24.34,24.27,24.38,2.2776,2.32625,1.91208333333,2.04625,44
905,109044,Ia,0.7068,26.36,24.21,23.84,23.74,0.0958620689655,1.96482758621,1.86689655172,2.23178571429,0
906,822713,Ia,1.0117,55.48,25.31,24.09,23.95,-0.137222222222,1.04,1.77828571429,2.45617647059,0
907,827443,Ia,0.6987,27.41,23.98,23.75,23.69,0.122916666667,1.60826086957,2.05608695652,2.06782608696,0
908,861250,II,0.653,24.75,23.93,24.14,24.08,0.349642857143,1.90576923077,1.588,2.986,27
909,333017,Ia,0.7496,26.17,23.51,23.12,23.32,0.14625,1.02956521739,1.45227272727,1.43909090909,0
910,456514,II,0.4019,26.3,24.95,24.76,24.46,-0.104285714286,1.03777777778,0.3768,0.917391304348,4
911,516744,Ibc,0.6199,99.07,24.97,24.34,23.86,-0.02625,1.19875,1.66322580645,3.666,22
912,516010,II,0.505,24.79,24.21,24.34,24.19,0.0491666666667,2.57416666667,3.37083333333,3.465,38
913,567613,Ia,0.6112,24.95,23.4,23.25,23.2,0.319310344828,3.66827586207,3.20785714286,5.43928571429,0
914,110626,Ia,0.6344,29.8,24.45,24.29,24.09,0.1512,0.92625,0.87,0.82380952381,0
915,640304,II,0.3887,24.42,24.1,23.91,23.89,0.222,1.46315789474,1.72705882353,3.27,34
916,186649,Ibc,0.3969,24.59,24.04,23.84,23.72,0.284230769231,0.744166666667,1.18826086957,1.61565217391,16
917,714966,Ia,0.8456,25.67,24.01,23.22,23.4,0.384230769231,0.51875,1.34956521739,2.09956521739,0
918,224775,Ibc,0.4393,24.24,22.65,22.21,21.99,1.8528,8.47708333333,9.08333333333,11.8275,8
919,380140,Ia,0.9553,42.67,24.74,23.77,23.75,-0.1036,1.21958333333,2.24458333333,2.045,0
920,869771,Ia,0.8176,26.41,24.12,23.32,23.49,0.658823529412,5.42235294118,5.89617647059,5.60909090909,0
921,873301,II,0.8593,99.01,24.89,24.81,24.94,0.323846153846,1.62384615385,1.47461538462,1.29666666667,24
922,684663,II,0.7089,23.22,22.96,23.03,23.12,2.6476,5.642,3.9708,4.9244,2
923,833594,Ia,0.987,29.87,25.66,24.39,24.23,0.301428571429,0.429714285714,1.07939393939,1.988125,0
924,295348,Ia,1.0958,98.74,25.29,24.34,23.92,0.0221875,0.90625,1.2140625,2.4396875,0
925,307409,Ibc,0.7821,99.0,26.34,25.09,24.62,0.0483333333333,0.0293333333333,0.714333333333,1.591,22
926,660167,Ia,0.8523,27.5,24.54,23.58,23.8,0.1448,1.30041666667,1.71666666667,1.92916666667,0
927,466817,Ibc,0.7083,99.1,25.71,24.8,24.18,0.351666666667,1.43666666667,1.55583333333,1.39090909091,22
928,693506,Ia,1.0619,55.48,25.48,24.25,23.94,-0.184545454545,0.549090909091,1.31424242424,2.938125,0
929,664168,Ia,0.8181,27.07,24.72,23.9,23.98,0.114583333333,0.958636363636,1.24476190476,1.42428571429,0
930,624873,Ia,0.9678,46.12,24.73,23.73,23.75,-0.2308,1.765,2.45541666667,3.04,0
931,313783,Ibc,0.8395,99.02,25.37,24.02,23.85,-0.2565,2.28225,3.38974358974,4.14526315789,8
932,32028,II,0.6638,27.9,25.64,25.04,24.85,0.418181818182,0.747272727273,1.3428125,1.90612903226,4
933,730594,Ia,1.037,55.66,25.56,24.34,24.15,-0.309375,0.6246875,0.8915625,1.8925,0
934,857311,Ibc,0.8427,99.0,25.33,24.09,23.96,-0.0828,1.21208333333,1.90416666667,2.25583333333,8
935,198443,Ia,0.9202,28.36,25.18,24.34,24.16,0.0664705882353,1.91294117647,2.97,3.0303030303,0
936,469949,II,0.7389,25.57,24.27,24.58,24.43,0.359473684211,1.71,1.60647058824,1.48411764706,27
937,472371,Ia,0.9683,46.69,25.2,24.1,24.05,-0.311111111111,0.2656,0.704583333333,0.932916666667,0
938,735935,II,0.6477,23.39,23.42,23.37,23.37,3.57961538462,8.3312,7.58958333333,9.23833333333,30
939,835936,Ia,0.8576,27.08,24.66,23.92,24.0,0.173103448276,0.184814814815,1.24346153846,1.44153846154,0
940,751092,Ia,1.0765,55.66,25.66,24.43,24.14,-0.2225,0.578125,1.1165625,2.1934375,0
941,250178,Ia,0.8773,28.14,25.17,24.15,24.14,0.0348484848485,0.706363636364,1.4978125,1.95516129032,0
942,694444,Ia,0.7518,26.41,24.3,23.77,23.89,-0.0748275862069,1.38296296296,1.88307692308,2.49807692308,0
943,339776,II,0.9205,98.98,24.61,24.78,24.9,0.1,1.99242424242,1.2571875,1.14548387097,27
944,289931,II,0.7058,25.52,24.44,24.69,24.63,0.508787878788,1.1221875,1.104,1.37464285714,24
945,297646,II,0.2866,21.63,21.76,21.88,22.03,10.1904166667,14.0866666667,12.32,10.6265217391,2
946,740000,Ibc,0.915,99.04,25.88,24.4,24.1,-0.2816,0.585,1.34708333333,1.81375,8
947,281528,Ia,1.0611,55.82,25.76,24.56,24.34,0.0190322580645,0.38935483871,0.962903225806,1.39064516129,0
948,676005,Ia,0.9444,39.37,24.56,23.61,23.57,0.0518181818182,1.100625,2.457,2.89571428571,0
949,348912,Ia,0.801,26.07,23.87,23.04,23.35,0.483666666667,2.34392857143,3.41296296296,3.8162962963,0
950,860142,Ia,0.9337,28.86,25.47,24.35,24.24,0.447894736842,0.838421052632,1.55135135135,2.07583333333,0
951,130358,II,0.4398,23.18,23.41,23.45,23.52,1.0465,4.36263157895,4.07,4.68631578947,21
952,516834,II,0.9962,98.96,25.67,25.49,25.6,0.0779310344828,3.93448275862,4.22137931034,2.66896551724,17
953,104965,II,0.9785,27.39,25.21,24.91,24.9,0.275454545455,0.6475,0.916842105263,0.975789473684,42
954,548813,II,0.7902,25.71,24.46,24.82,24.66,0.08125,1.03956521739,0.939565217391,1.50304347826,21
955,802537,Ia,0.8333,26.05,23.65,23.02,23.27,0.766111111111,3.02125,3.80666666667,3.58666666667,0
956,566444,Ia,1.0415,98.83,25.89,24.48,24.31,-0.209736842105,0.251842105263,1.43567567568,2.01777777778,0
957,783511,Ibc,0.4495,26.74,24.9,24.55,24.48,0.0135294117647,1.34764705882,1.87696969697,2.4728125,45
958,468774,Ia,0.7666,26.56,24.43,23.84,23.97,0.107777777778,2.94888888889,3.05,2.05,0
959,154579,Ibc,0.5064,26.93,24.71,24.7,24.28,0.028,0.942142857143,0.719259259259,1.93592592593,18
960,513286,Ibc,0.5486,99.05,24.7,24.04,23.63,-0.159677419355,1.44933333333,1.56142857143,2.17307692308,22
961,839662,Ia,0.8895,28.02,24.45,23.65,23.63,0.0672413793103,0.711071428571,1.71346153846,2.128,0
962,192294,Ibc,0.3551,26.11,24.9,24.26,23.95,-0.225555555556,0.724074074074,0.951111111111,1.45923076923,28
963,277152,II,0.3651,24.06,24.04,24.29,23.91,1.65777777778,2.16777777778,1.60444444444,2.01666666667,25
964,689188,II,0.5053,23.96,24.12,23.98,24.62,0.339166666667,1.845,1.38916666667,1.25,43
965,403014,Ia,1.0017,55.48,25.29,24.06,23.97,-0.156923076923,0.593076923077,1.25615384615,1.12142857143,0
966,243073,Ia,0.837,26.75,24.54,23.75,23.91,0.2704,1.69833333333,2.41791666667,2.27041666667,0
967,237768,II,0.753,25.59,24.17,24.41,24.34,0.356428571429,1.55846153846,1.0775,1.43666666667,27
968,136613,Ibc,0.4068,26.18,24.75,24.16,24.38,0.303103448276,1.8624137931,2.51857142857,2.66821428571,45
969,214387,Ibc,0.8295,99.03,25.52,24.1,23.9,0.11,0.0562962962963,0.584,1.32086956522,8
970,526819,Ibc,0.2353,23.48,22.97,22.63,22.58,2.57285714286,11.1128571429,11.715,14.7703571429,18
971,268616,II,0.8204,25.95,24.59,24.64,24.46,0.9425,3.74083333333,1.795,1.57090909091,42
972,763663,Ia,0.7119,26.1,23.96,23.59,23.44,0.481538461538,4.19102564103,4.8672972973,6.14055555556,0
973,566003,Ibc,0.4682,98.94,24.11,23.41,23.33,0.458181818182,2.25181818182,2.75909090909,2.95727272727,22
974,193350,II,0.2843,22.06,22.14,22.32,22.52,11.2614285714,13.2814285714,10.35,6.91333333333,27
975,387877,Ia,0.7711,26.08,24.28,23.66,23.85,0.440909090909,3.11363636364,2.92727272727,1.696,0
976,706463,Ia,0.7645,26.48,24.34,23.73,23.92,-0.058,1.06842105263,1.19105263158,1.43105263158,0
977,204107,II,0.4601,24.62,24.22,24.23,24.17,0.806923076923,1.82307692308,2.04307692308,1.52071428571,34
978,713167,Ia,0.7991,26.71,24.54,23.75,24.01,0.443421052632,1.86289473684,2.44459459459,2.28194444444,0
979,459152,Ibc,0.5335,98.98,24.52,23.96,23.62,-0.191724137931,0.684285714286,1.31115384615,1.6352,22
980,485172,Ia,0.1807,20.33,20.22,20.43,21.03,23.3614285714,32.1028571429,31.9428571429,22.00875,0
981,388018,II,0.8457,26.07,24.63,24.89,24.86,0.405714285714,2.67214285714,1.65928571429,2.01,21
982,501245,Ia,0.906,28.73,24.68,23.84,23.9,-0.105,0.450476190476,1.27714285714,1.39095238095,0
983,792077,Ibc,0.5856,25.74,23.45,23.08,22.71,0.53,4.59857142857,5.18714285714,5.17,8
984,684475,Ia,0.9517,26.77,24.38,23.33,23.51,0.568,0.502666666667,2.382,1.99375,0
985,762510,Ibc,0.6758,98.97,25.44,24.65,24.0,0.080303030303,0.519393939394,1.63875,1.93,22
986,891034,Ia,0.6641,25.61,23.73,23.52,23.49,0.189615384615,1.3168,1.19,1.56,0
987,241157,II,0.9419,98.95,25.39,25.39,25.6,0.203214285714,2.505,2.1992,1.5884,17
988,558562,II,0.9859,98.99,28.39,29.95,30.32,0.120909090909,0.759090909091,0.563333333333,0.297,31
989,506370,II,0.4315,24.52,24.42,24.45,24.19,1.127,1.44444444444,0.488888888889,1.53888888889,15
990,193227,Ia,1.0554,55.9,25.89,24.63,24.36,0.218536585366,0.730731707317,1.667,1.95846153846,0
991,449662,Ia,0.9446,28.95,26.01,24.81,24.53,0.0175,0.408333333333,0.978285714286,1.29882352941,0
992,692405,Ia,1.0305,100.09,25.59,24.4,24.22,-0.2471875,0.729333333333,1.04896551724,1.67137931034,0
993,305395,II,0.9102,99.03,24.62,24.64,24.76,-0.5075,2.673125,2.182,2.065,27
994,63865,Ia,0.6159,25.47,23.68,23.52,23.45,-0.0238461538462,1.644,1.46,1.94,0
995,507372,II,0.6863,26.33,24.73,24.91,24.73,0.622142857143,4.00142857143,1.91214285714,2.68769230769,36
996,821954,II,1.086,98.99,25.72,25.06,25.67,0.0448484848485,1.24696969697,1.69363636364,1.0925,20
997,887252,Ia,0.6639,26.98,24.69,24.23,23.96,0.193793103448,0.617037037037,0.858076923077,1.62423076923,0
998,694423,II,1.0853,99.01,25.47,24.8,25.16,0.0889189189189,0.872162162162,0.733888888889,0.829142857143,27
999,690954,Ia,0.5712,25.04,23.44,23.39,23.27,-0.188214285714,2.16,1.7768,2.98130434783,0
1000,121933,II,0.8092,24.66,23.65,24.0,23.79,1.00961538462,5.1952,4.00782608696,5.10333333333,30
